presto-engine switch autoplay-policy no-user-gesture-required
presto-engine switch disable-renderer-backgrounding 
presto-engine switch disable-background-timer-throttling 
presto-engine switch disable-features MediaSessionService,HardwareMediaKeyHandling
presto-engine cdm {"oimompecagnajdejgnnjijobebaeigek":{"status":"new","title":"Widevine Content Decryption Module","version":"4.10.3112.0"}}
[838687:1007/213741.542224:ERROR:ui/ozone/platform/wayland/gpu/wayland_surface_factory.cc:249] '--ozone-platform=wayland' is not compatible with Vulkan. Consider switching to '--ozone-platform=x11' or disabling Vulkan
[838687:1007/213741.629478:ERROR:gpu/command_buffer/service/gpu_persistent_cache.cc:137] Persistent cache error: 1
presto-engine presto-diag ready {"bridge":1,"musickit_version":"playback/AppleMusic-2640.11.0-external","build":"https://music.apple.com/assets/index~c10ba4a68d.js","playback_states":{"0":"none","1":"loading","2":"playing","3":"paused","4":"stopped","5":"ended","6":"seeking","8":"waiting","9":"stalled","10":"completed","none":0,"loading":1,"playing":2,"paused":3,"stopped":4,"ended":5,"seeking":6,"waiting":8,"stalled":9,"completed":10},"mk_members":["constructor","sharePlay","isInSharePlay","startSharePlay","endSharePlay","shuffleMode","repeatMode","autoplayEnabled","volume","play","pause","seekToTime","skipToNextItem","skipToPreviousItem","playMediaItem","setStationQueue","setQueue","assertUserStorefront","playNext","playLater","playAt","updateQueue","onMediaStateUpdate","savePlaybackState","restorePlaybackState"],"queue_members":["constructor","isEmpty","isRestricted","appendTargetIndex","items","autoplayItems","unplayedAutoplayItems","userAddedItems","unplayedUserItems","playableItems","unplayedPlayableItems","length","nextPlayableItem","nextPlayableItemIndex","position","isInitiated","previousPlayableItem","previousPlayableItemIndex","removeQueueItems","indexForItem","item","currentItem","queueItem","updateItems","currentQueueItem","remove","append","appendQueueItems","splice","spliceQueueItems","clearAfterCurrent","clear","reset","_isSameItems","_reindex","_updatePosition","findPlayableIndexForward","findPlayableIndexBackward","_unplayedQueueItems","_getStartItemPosition"],"api_music_arity":3,"has_media_session":true,"ua":"Mozilla/5.0 (X11; Linux x86_64) AppleWebKit/537.36 (KHTML, like Gecko) Chrome/152.0.0.0 Safari/537.36"}
presto-engine auth signed_in
presto-engine presto-diag hls https://aod-ssl.itunes.apple.com/itunes-assets/Music211/v4/8e/50/b5/8e50b51f-7d42-0b31-182b-cfc483f7bdf8/mzaf_A6781024437.rphq.aac.wa.m3u8 application/x-mpegurl
presto-engine presto-diag hls https://mvod.itunes.apple.com/itunes-assets/HLSMusic211/v4/0f/a3/7e/0fa37e94-19be-884b-184f-7e120fa788c6/P1234007547_default.m3u8 application/vnd.apple.mpegurl
presto-engine presto-diag hls https://mvod.itunes.apple.com/itunes-assets/HLSMusic221/v4/d8/1e/ea/d81eea44-b99f-fbdd-629e-58c4e740c3b2/P1265022633_default.m3u8 application/vnd.apple.mpegurl
presto-engine presto-diag hls https://mvod.itunes.apple.com/itunes-assets/HLSMusic221/v4/18/25/6e/18256ed3-b879-5bf0-135a-fed9c666d198/P1174930563_default.m3u8 application/vnd.apple.mpegurl
presto-engine presto-diag hls https://mvod.itunes.apple.com/itunes-assets/HLSMusic221/v4/a6/5c/fc/a65cfc7e-6137-8ea1-2a1e-af1783ce730a/P1233198887_default.m3u8 application/vnd.apple.mpegurl
presto-engine presto-diag hls https://mvod.itunes.apple.com/itunes-assets/HLSMusic211/v4/0f/e2/34/0fe234e4-0666-17a3-71ac-f09288466f5f/P1174374239_default.m3u8 application/vnd.apple.mpegurl
presto-engine presto-diag hls https://mvod.itunes.apple.com/itunes-assets/HLSMusic221/v4/06/16/e2/0616e293-2cfb-7557-ae43-82a1a4a22c88/P1290244617_default.m3u8 application/vnd.apple.mpegurl
presto-engine presto-diag hls https://mvod.itunes.apple.com/itunes-assets/HLSMusic211/v4/de/35/b2/de35b2fd-4388-320e-aa27-bcf430342f30/P1234024321_default.m3u8 application/vnd.apple.mpegurl
presto-engine presto-diag hls https://mvod.itunes.apple.com/itunes-assets/HLSMusic211/v4/f6/12/2b/f6122bad-6bbf-3754-5f5b-d5f0e05c751e/P1231947522_default.m3u8 application/vnd.apple.mpegurl
presto-engine presto-diag hls https://mvod.itunes.apple.com/itunes-assets/HLSMusic221/v4/ac/50/16/ac501630-d202-62db-6a80-76d77bf5dcd7/P1246659336_default.m3u8 application/vnd.apple.mpegurl
presto-engine presto-diag hls https://mvod.itunes.apple.com/itunes-assets/HLSMusic221/v4/f5/46/d9/f546d958-4a74-fd8f-8653-c67da1f33ff5/P1174299308_default.m3u8 application/vnd.apple.mpegurl
presto-engine presto-diag hls https://mvod.itunes.apple.com/itunes-assets/HLSMusic211/v4/b7/94/7d/b7947dac-9d51-0ba9-d9fa-b69d8a43f763/P1233317096_default.m3u8 application/vnd.apple.mpegurl
presto-engine presto-diag hls https://mvod.itunes.apple.com/itunes-assets/HLSMusic221/v4/13/0d/4d/130d4d6b-ef70-52bd-18d1-116334a2be5e/P1228248468_default.m3u8 application/vnd.apple.mpegurl
presto-engine presto-diag m3u8 #EXT-X-MEDIA-SEQUENCE:0
presto-engine presto-diag m3u8 #EXT-X-KEY:METHOD=ISO-23001-7,URI="<stripped>"
presto-engine presto-diag m3u8 #EXT-X-STREAM-INF:AVERAGE-BANDWIDTH=2184021,_AVG-BANDWIDTH=2184021,BANDWIDTH=2238524,VIDEO-RANGE=SDR,CLOSED-CAPTIONS=NONE,CODECS="avc1.64001f",FRAME-RATE=30.000,RESOLUTION=664x886,STABLE-VARIANT-ID="c7274da2fe58b9ee5a28118efd05342ee28b04ffe7ec3ae9e4920af7029cf6af"
presto-engine presto-diag m3u8 #EXT-X-STREAM-INF:AVERAGE-BANDWIDTH=1897448,_AVG-BANDWIDTH=1897448,BANDWIDTH=1957803,VIDEO-RANGE=SDR,CLOSED-CAPTIONS=NONE,CODECS="hvc1.2.20000000.L123.B0",FRAME-RATE=30.000,RESOLUTION=664x886,STABLE-VARIANT-ID="c167277af44a849a0d42827e3850be0bcf34e2760faa76d71f6b1627afa92363"
presto-engine presto-diag m3u8 #EXT-X-STREAM-INF:AVERAGE-BANDWIDTH=277425,_AVG-BANDWIDTH=277425,BANDWIDTH=301410,VIDEO-RANGE=SDR,CLOSED-CAPTIONS=NONE,CODECS="avc1.64001f",FRAME-RATE=30.000,RESOLUTION=310x414,STABLE-VARIANT-ID="31d4c45971e0fe267bc4a6feafc24d55739b032239ce40270aeb19a8aa6ab1d8"
presto-engine presto-diag m3u8 #EXT-X-STREAM-INF:AVERAGE-BANDWIDTH=373765,_AVG-BANDWIDTH=373765,BANDWIDTH=387017,VIDEO-RANGE=SDR,CLOSED-CAPTIONS=NONE,CODECS="avc1.64001f",FRAME-RATE=30.000,RESOLUTION=352x470,STABLE-VARIANT-ID="e463156d1da7e8118cc6f30f87bfceb7d6dedcd4a8b5ad7cbfe883afc80719d2"
presto-engine presto-diag m3u8 #EXT-X-STREAM-INF:AVERAGE-BANDWIDTH=517972,_AVG-BANDWIDTH=517972,BANDWIDTH=538707,VIDEO-RANGE=SDR,CLOSED-CAPTIONS=NONE,CODECS="avc1.64001f",FRAME-RATE=30.000,RESOLUTION=394x526,STABLE-VARIANT-ID="de703adbcc151d511dbe92d486a4b962738f0d220054d76f9db6a701896e5736"
presto-engine presto-diag m3u8 #EXT-X-STREAM-INF:AVERAGE-BANDWIDTH=723255,_AVG-BANDWIDTH=723255,BANDWIDTH=765271,VIDEO-RANGE=SDR,CLOSED-CAPTIONS=NONE,CODECS="avc1.64001f",FRAME-RATE=30.000,RESOLUTION=436x582,STABLE-VARIANT-ID="54e24ac66501a5817ecf2c3d4fd19ba6c11c615b29e34cb3c696d4f33a8dee8e"
presto-engine presto-diag m3u8 #EXT-X-STREAM-INF:AVERAGE-BANDWIDTH=1122876,_AVG-BANDWIDTH=1122876,BANDWIDTH=1150664,VIDEO-RANGE=SDR,CLOSED-CAPTIONS=NONE,CODECS="avc1.64001f",FRAME-RATE=30.000,RESOLUTION=486x648,STABLE-VARIANT-ID="40620db697a13f16c818a8f227e7037a33ea6e459996f3ea00f3de31668ccd57"
presto-engine presto-diag m3u8 #EXT-X-STREAM-INF:AVERAGE-BANDWIDTH=1564622,_AVG-BANDWIDTH=1564622,BANDWIDTH=1614169,VIDEO-RANGE=SDR,CLOSED-CAPTIONS=NONE,CODECS="avc1.64001f",FRAME-RATE=30.000,RESOLUTION=486x648,STABLE-VARIANT-ID="614b0cbb6cd0070917dde8167eaae7269f08602c6bc842cfe90538a6f9a6bd56"
presto-engine presto-diag m3u8 #EXT-X-STREAM-INF:AVERAGE-BANDWIDTH=2935925,_AVG-BANDWIDTH=2935925,BANDWIDTH=3161846,VIDEO-RANGE=SDR,CLOSED-CAPTIONS=NONE,CODECS="avc1.640020",FRAME-RATE=30.000,RESOLUTION=830x1106,STABLE-VARIANT-ID="2ce219802530b52c2fd9496236d7b10c12db6f2e5e041817535f8a3ee236c2e2"
presto-engine presto-diag m3u8 #EXT-X-STREAM-INF:AVERAGE-BANDWIDTH=4040440,_AVG-BANDWIDTH=4040440,BANDWIDTH=4190710,VIDEO-RANGE=SDR,CLOSED-CAPTIONS=NONE,CODECS="avc1.640020",FRAME-RATE=30.000,RESOLUTION=830x1108,STABLE-VARIANT-ID="76122467f82810199fd85bcde409fc9e9b025166fa17443f8464f3e24ec5aff6"
presto-engine presto-diag m3u8 #EXT-X-STREAM-INF:AVERAGE-BANDWIDTH=3936525,_AVG-BANDWIDTH=3936525,BANDWIDTH=4146965,VIDEO-RANGE=SDR,CLOSED-CAPTIONS=NONE,CODECS="avc1.640028",FRAME-RATE=30.000,RESOLUTION=1078x1438,STABLE-VARIANT-ID="ee00b64e8ab144b8132726e46a8068ad9b3e58e0e9dc5dc30ea24ff9e91da04a"
presto-engine presto-diag m3u8 #EXT-X-STREAM-INF:AVERAGE-BANDWIDTH=5435530,_AVG-BANDWIDTH=5435530,BANDWIDTH=5851572,VIDEO-RANGE=SDR,CLOSED-CAPTIONS=NONE,CODECS="avc1.640028",FRAME-RATE=30.000,RESOLUTION=1078x1438,STABLE-VARIANT-ID="7201eb4dd0da49b98d47976731eb164cb2cb33cbced13f9e8fef55a03fde4729"
presto-engine presto-diag m3u8 #EXT-X-STREAM-INF:AVERAGE-BANDWIDTH=7016297,_AVG-BANDWIDTH=7016297,BANDWIDTH=7326557,VIDEO-RANGE=SDR,CLOSED-CAPTIONS=NONE,CODECS="avc1.640028",FRAME-RATE=30.000,RESOLUTION=1078x1438,STABLE-VARIANT-ID="5a51a452f230340fb32b9d908c05449016d15459d14c1d3578d5cb447cf70ab9"
presto-engine presto-diag m3u8 #EXT-X-STREAM-INF:AVERAGE-BANDWIDTH=10793520,_AVG-BANDWIDTH=10793520,BANDWIDTH=11136997,VIDEO-RANGE=SDR,CLOSED-CAPTIONS=NONE,CODECS="avc1.640028",FRAME-RATE=30.000,RESOLUTION=1080x1440,STABLE-VARIANT-ID="1bd8475c3570f0eab5b1d1176e801081c947702f6419196d05df9f498f06e663"
presto-engine presto-diag m3u8 #EXT-X-STREAM-INF:AVERAGE-BANDWIDTH=312779,_AVG-BANDWIDTH=312779,BANDWIDTH=385168,VIDEO-RANGE=SDR,CLOSED-CAPTIONS=NONE,CODECS="hvc1.2.20000000.L123.B0",FRAME-RATE=30.000,RESOLUTION=310x414,STABLE-VARIANT-ID="a387377a6e8e29eeb69df3afb32d698b27dc3a513f029723f8c59d0f123c569b"
presto-engine presto-diag m3u8 #EXT-X-STREAM-INF:AVERAGE-BANDWIDTH=502815,_AVG-BANDWIDTH=502815,BANDWIDTH=616563,VIDEO-RANGE=SDR,CLOSED-CAPTIONS=NONE,CODECS="hvc1.2.20000000.L123.B0",FRAME-RATE=30.000,RESOLUTION=394x526,STABLE-VARIANT-ID="4858d1e055533b3218f09b8c557e7d7bbacfb032f21df5e8b7d9b13acb6d2c96"
presto-engine presto-diag m3u8 #EXT-X-STREAM-INF:AVERAGE-BANDWIDTH=730288,_AVG-BANDWIDTH=730288,BANDWIDTH=969924,VIDEO-RANGE=SDR,CLOSED-CAPTIONS=NONE,CODECS="hvc1.2.20000000.L123.B0",FRAME-RATE=30.000,RESOLUTION=436x582,STABLE-VARIANT-ID="35b6dca88b5897d6354ba6515ce30c4a34f3b83cf141d8c732ec2bd6c6357a14"
presto-engine presto-diag m3u8 #EXT-X-STREAM-INF:AVERAGE-BANDWIDTH=1074040,_AVG-BANDWIDTH=1074040,BANDWIDTH=1287411,VIDEO-RANGE=SDR,CLOSED-CAPTIONS=NONE,CODECS="hvc1.2.20000000.L123.B0",FRAME-RATE=30.000,RESOLUTION=486x648,STABLE-VARIANT-ID="88f0f8f849d84cce92da8025e0a05ba55b0422d9b39eef1428647a768ea99ffa"
presto-engine presto-diag m3u8 #EXT-X-STREAM-INF:AVERAGE-BANDWIDTH=1350890,_AVG-BANDWIDTH=1350890,BANDWIDTH=1854153,VIDEO-RANGE=SDR,CLOSED-CAPTIONS=NONE,CODECS="hvc1.2.20000000.L123.B0",FRAME-RATE=30.000,RESOLUTION=486x648,STABLE-VARIANT-ID="80b90a36c9972a96490e9a30481053b35a015a0354f40e73696334174db2cba4"
presto-engine presto-diag m3u8 #EXT-X-STREAM-INF:AVERAGE-BANDWIDTH=2671944,_AVG-BANDWIDTH=2671944,BANDWIDTH=2915886,VIDEO-RANGE=SDR,CLOSED-CAPTIONS=NONE,CODECS="hvc1.2.20000000.L123.B0",FRAME-RATE=30.000,RESOLUTION=830x1106,STABLE-VARIANT-ID="4c8be6681bfcc7afcd46fe5c1c0e4153599db879168d75061b1d4b321ab58119"
presto-engine presto-diag m3u8 #EXT-X-STREAM-INF:AVERAGE-BANDWIDTH=3385041,_AVG-BANDWIDTH=3385041,BANDWIDTH=3595968,VIDEO-RANGE=SDR,CLOSED-CAPTIONS=NONE,CODECS="hvc1.2.20000000.L123.B0",FRAME-RATE=30.000,RESOLUTION=830x1108,STABLE-VARIANT-ID="26b6ca3fab74ec4ea2b9f79e6a662d6d07c1b6eb12e90ce9c25e8d1fc5885329"
presto-engine presto-diag m3u8 #EXT-X-STREAM-INF:AVERAGE-BANDWIDTH=3219040,_AVG-BANDWIDTH=3219040,BANDWIDTH=3453557,VIDEO-RANGE=SDR,CLOSED-CAPTIONS=NONE,CODECS="hvc1.2.20000000.L123.B0",FRAME-RATE=30.000,RESOLUTION=1078x1438,STABLE-VARIANT-ID="ead4009098b89c7b23d7ed167a9f2924eefd28a38639d0a6bd7eb1a7e27d38da"
presto-engine presto-diag m3u8 #EXT-X-STREAM-INF:AVERAGE-BANDWIDTH=4497626,_AVG-BANDWIDTH=4497626,BANDWIDTH=4744907,VIDEO-RANGE=SDR,CLOSED-CAPTIONS=NONE,CODECS="hvc1.2.20000000.L123.B0",FRAME-RATE=30.000,RESOLUTION=1078x1438,STABLE-VARIANT-ID="b9b245db873a654a0e41411195111a7e895615b97669b7d9961f261785439015"
presto-engine presto-diag m3u8 #EXT-X-STREAM-INF:AVERAGE-BANDWIDTH=6257845,_AVG-BANDWIDTH=6257845,BANDWIDTH=6625125,VIDEO-RANGE=SDR,CLOSED-CAPTIONS=NONE,CODECS="hvc1.2.20000000.L123.B0",FRAME-RATE=30.000,RESOLUTION=1078x1438,STABLE-VARIANT-ID="ab92e387629c879390dd2aa7b77aca9e02d7848ed1dd84ee4269882500be0f0e"
presto-engine presto-diag m3u8 #EXT-X-STREAM-INF:AVERAGE-BANDWIDTH=8395925,_AVG-BANDWIDTH=8395925,BANDWIDTH=9480169,VIDEO-RANGE=SDR,CLOSED-CAPTIONS=NONE,CODECS="hvc1.2.20000000.L123.B0",FRAME-RATE=30.000,RESOLUTION=1080x1440,STABLE-VARIANT-ID="1d8bbda4522f5df3c189156a8175b1199a4e704e152e71bb5aa29b42b176194c"
presto-engine presto-diag m3u8 #EXT-X-STREAM-INF:AVERAGE-BANDWIDTH=14364405,_AVG-BANDWIDTH=14364405,BANDWIDTH=14828022,VIDEO-RANGE=SDR,CLOSED-CAPTIONS=NONE,CODECS="hvc1.2.20000000.H150.B0",FRAME-RATE=30.000,RESOLUTION=1662x2216,STABLE-VARIANT-ID="fd46b8f4a2f7beada0dbcad30789735047d9df8079a0c9f8b590dda99fc3804c"
presto-engine presto-diag m3u8 #EXT-X-STREAM-INF:AVERAGE-BANDWIDTH=8456452,_AVG-BANDWIDTH=8456452,BANDWIDTH=9093499,VIDEO-RANGE=SDR,CLOSED-CAPTIONS=NONE,CODECS="hvc1.2.20000000.H150.B0",FRAME-RATE=30.000,RESOLUTION=2048x2732,STABLE-VARIANT-ID="c9723a1c226420aac12e17b39ec49a94ca85004010260026ae76eba80872157e"
presto-engine presto-diag m3u8 #EXT-X-STREAM-INF:AVERAGE-BANDWIDTH=15650372,_AVG-BANDWIDTH=15650372,BANDWIDTH=16350356,VIDEO-RANGE=SDR,CLOSED-CAPTIONS=NONE,CODECS="hvc1.2.20000000.H150.B0",FRAME-RATE=30.000,RESOLUTION=2048x2732,STABLE-VARIANT-ID="be35bdb95975a9c2b8ea4ac49f4afc87467d7b94f4bb19addab46dde55930a63"
presto-engine presto-diag m3u8 #EXT-X-STREAM-INF:AVERAGE-BANDWIDTH=24713566,_AVG-BANDWIDTH=24713566,BANDWIDTH=25663747,VIDEO-RANGE=SDR,CLOSED-CAPTIONS=NONE,CODECS="hvc1.2.20000000.H150.B0",FRAME-RATE=30.000,RESOLUTION=2048x2732,STABLE-VARIANT-ID="d53092cbc7427adc610d527f2d6e339eda18d3d3e7689206988f6a4a0fc2d48e"
presto-engine presto-diag m3u8 #EXT-X-STREAM-INF:AVERAGE-BANDWIDTH=2174613,_AVG-BANDWIDTH=2174613,BANDWIDTH=2394433,VIDEO-RANGE=SDR,CLOSED-CAPTIONS=NONE,CODECS="avc1.64001f",FRAME-RATE=30.000,RESOLUTION=664x886,STABLE-VARIANT-ID="0c449f971168c6b13b85c4eef25596aaec562f27105eeff763da6d2329712de0"
presto-engine presto-diag m3u8 #EXT-X-STREAM-INF:AVERAGE-BANDWIDTH=1830966,_AVG-BANDWIDTH=1830966,BANDWIDTH=1904018,VIDEO-RANGE=SDR,CLOSED-CAPTIONS=NONE,CODECS="hvc1.2.20000000.L123.B0",FRAME-RATE=30.000,RESOLUTION=664x886,STABLE-VARIANT-ID="53a9adc3e7d1e80f93873ae4820cbe11296e146403d6b473bf95d915419e219c"
presto-engine presto-diag m3u8 #EXT-X-STREAM-INF:AVERAGE-BANDWIDTH=264971,_AVG-BANDWIDTH=264971,BANDWIDTH=310539,VIDEO-RANGE=SDR,CLOSED-CAPTIONS=NONE,CODECS="avc1.64001f",FRAME-RATE=30.000,RESOLUTION=310x414,STABLE-VARIANT-ID="aa2c3d4f6645bd854ca2a9233a8e203ae16862964810722bb83f3ee21d17060b"
presto-engine presto-diag m3u8 #EXT-X-STREAM-INF:AVERAGE-BANDWIDTH=364948,_AVG-BANDWIDTH=364948,BANDWIDTH=401803,VIDEO-RANGE=SDR,CLOSED-CAPTIONS=NONE,CODECS="avc1.64001f",FRAME-RATE=30.000,RESOLUTION=352x470,STABLE-VARIANT-ID="89cbe1925277de9549f27146e4bcdeb6f7b41b1b233d9f1a3a09f2ff2c56cfbc"
presto-engine presto-diag m3u8 #EXT-X-STREAM-INF:AVERAGE-BANDWIDTH=518610,_AVG-BANDWIDTH=518610,BANDWIDTH=580890,VIDEO-RANGE=SDR,CLOSED-CAPTIONS=NONE,CODECS="avc1.64001f",FRAME-RATE=30.000,RESOLUTION=394x526,STABLE-VARIANT-ID="df48c44ead641bd0bf9175a4173a580b4d9f4af1b8a6d212ea628c7d9b8af69c"
presto-engine presto-diag m3u8 #EXT-X-STREAM-INF:AVERAGE-BANDWIDTH=771981,_AVG-BANDWIDTH=771981,BANDWIDTH=838987,VIDEO-RANGE=SDR,CLOSED-CAPTIONS=NONE,CODECS="avc1.64001f",FRAME-RATE=30.000,RESOLUTION=436x582,STABLE-VARIANT-ID="242f16a4ea47bd661ffc5f06b38537165e012ff099dfaea838e52309edc63c54"
presto-engine presto-diag m3u8 #EXT-X-STREAM-INF:AVERAGE-BANDWIDTH=1123324,_AVG-BANDWIDTH=1123324,BANDWIDTH=1143853,VIDEO-RANGE=SDR,CLOSED-CAPTIONS=NONE,CODECS="avc1.64001f",FRAME-RATE=30.000,RESOLUTION=486x648,STABLE-VARIANT-ID="9dd24c03a6baebbcdcbc9b36426fe9aa695d14653c70a9958d3d1f371458e536"
presto-engine presto-diag m3u8 #EXT-X-STREAM-INF:AVERAGE-BANDWIDTH=1526679,_AVG-BANDWIDTH=1526679,BANDWIDTH=1565975,VIDEO-RANGE=SDR,CLOSED-CAPTIONS=NONE,CODECS="avc1.64001f",FRAME-RATE=30.000,RESOLUTION=486x648,STABLE-VARIANT-ID="fe8f49670d3e0348bf8f2e5a3a5d0fe686faf9159b55604963d5b208ed643cd0"
presto-engine presto-diag m3u8 #EXT-X-STREAM-INF:AVERAGE-BANDWIDTH=2845683,_AVG-BANDWIDTH=2845683,BANDWIDTH=3152094,VIDEO-RANGE=SDR,CLOSED-CAPTIONS=NONE,CODECS="avc1.640020",FRAME-RATE=30.000,RESOLUTION=830x1106,STABLE-VARIANT-ID="044f65e602257f0d80dad46c3b252d2a5de0079e919ffd775e7c70925d4edf41"
presto-engine presto-diag m3u8 #EXT-X-STREAM-INF:AVERAGE-BANDWIDTH=3855023,_AVG-BANDWIDTH=3855023,BANDWIDTH=4176787,VIDEO-RANGE=SDR,CLOSED-CAPTIONS=NONE,CODECS="avc1.640020",FRAME-RATE=30.000,RESOLUTION=830x1108,STABLE-VARIANT-ID="922c2759680bc7bac47bfefd75bcbdfb8cec41e29e9c0a6d0af01f74e58555c2"
presto-engine presto-diag m3u8 #EXT-X-STREAM-INF:AVERAGE-BANDWIDTH=3805410,_AVG-BANDWIDTH=3805410,BANDWIDTH=4216215,VIDEO-RANGE=SDR,CLOSED-CAPTIONS=NONE,CODECS="avc1.640028",FRAME-RATE=30.000,RESOLUTION=1078x1438,STABLE-VARIANT-ID="61511ccf52dfc3cc7b8790ff4fee3d4ac1427c3541d8135b43cb5e0d94153864"
presto-engine presto-diag m3u8 #EXT-X-STREAM-INF:AVERAGE-BANDWIDTH=5046962,_AVG-BANDWIDTH=5046962,BANDWIDTH=5761668,VIDEO-RANGE=SDR,CLOSED-CAPTIONS=NONE,CODECS="avc1.640028",FRAME-RATE=30.000,RESOLUTION=1078x1438,STABLE-VARIANT-ID="2499c0d665f30b3b870731d6354d898db0ab24ae46a89f594f6833ed634e92c7"
presto-engine presto-diag m3u8 #EXT-X-STREAM-INF:AVERAGE-BANDWIDTH=6530731,_AVG-BANDWIDTH=6530731,BANDWIDTH=6791990,VIDEO-RANGE=SDR,CLOSED-CAPTIONS=NONE,CODECS="avc1.640028",FRAME-RATE=30.000,RESOLUTION=1078x1438,STABLE-VARIANT-ID="4297b959a1f7b7856018d0304f09cbbee722c9db314d0a267ea5e97e31738008"
presto-engine presto-diag m3u8 #EXT-X-STREAM-INF:AVERAGE-BANDWIDTH=9857784,_AVG-BANDWIDTH=9857784,BANDWIDTH=10327612,VIDEO-RANGE=SDR,CLOSED-CAPTIONS=NONE,CODECS="avc1.640028",FRAME-RATE=30.000,RESOLUTION=1080x1440,STABLE-VARIANT-ID="41c804b618ec00a71d1f295564c7902c5b02557459e4f0f54853de0e0a78d07e"
presto-engine presto-diag m3u8 #EXT-X-STREAM-INF:AVERAGE-BANDWIDTH=310356,_AVG-BANDWIDTH=310356,BANDWIDTH=332720,VIDEO-RANGE=SDR,CLOSED-CAPTIONS=NONE,CODECS="hvc1.2.20000000.L123.B0",FRAME-RATE=30.000,RESOLUTION=310x414,STABLE-VARIANT-ID="a4a6847606092029540115a383206f491b09c5cb3d5685d1f20c675d3d3c18ab"
presto-engine presto-diag m3u8 #EXT-X-STREAM-INF:AVERAGE-BANDWIDTH=495704,_AVG-BANDWIDTH=495704,BANDWIDTH=537720,VIDEO-RANGE=SDR,CLOSED-CAPTIONS=NONE,CODECS="hvc1.2.20000000.L123.B0",FRAME-RATE=30.000,RESOLUTION=394x526,STABLE-VARIANT-ID="920488cf9353566dc8f3988109e7bd89c0c8145e84d30a5f4038a8e6bb6bb862"
presto-engine presto-diag m3u8 #EXT-X-STREAM-INF:AVERAGE-BANDWIDTH=702479,_AVG-BANDWIDTH=702479,BANDWIDTH=737983,VIDEO-RANGE=SDR,CLOSED-CAPTIONS=NONE,CODECS="hvc1.2.20000000.L123.B0",FRAME-RATE=30.000,RESOLUTION=436x582,STABLE-VARIANT-ID="5621553c6a8f6c4772e400906549b977ad8bf5c696ff2fe55aeba6c65ae558a8"
presto-engine presto-diag m3u8 #EXT-X-STREAM-INF:AVERAGE-BANDWIDTH=1017110,_AVG-BANDWIDTH=1017110,BANDWIDTH=1093852,VIDEO-RANGE=SDR,CLOSED-CAPTIONS=NONE,CODECS="hvc1.2.20000000.L123.B0",FRAME-RATE=30.000,RESOLUTION=486x648,STABLE-VARIANT-ID="c1b7f458a083979bf1ffd4c5b55b6d0c8c1835c5ba7e71a33465020253fabde4"
presto-engine presto-diag m3u8 #EXT-X-STREAM-INF:AVERAGE-BANDWIDTH=1335534,_AVG-BANDWIDTH=1335534,BANDWIDTH=1405498,VIDEO-RANGE=SDR,CLOSED-CAPTIONS=NONE,CODECS="hvc1.2.20000000.L123.B0",FRAME-RATE=30.000,RESOLUTION=486x648,STABLE-VARIANT-ID="c2f1b4539559fac1b6d86df38debb30db655e2c5ca8f190c2525294f009cb671"
presto-engine presto-diag m3u8 #EXT-X-STREAM-INF:AVERAGE-BANDWIDTH=2535901,_AVG-BANDWIDTH=2535901,BANDWIDTH=2713281,VIDEO-RANGE=SDR,CLOSED-CAPTIONS=NONE,CODECS="hvc1.2.20000000.L123.B0",FRAME-RATE=30.000,RESOLUTION=830x1106,STABLE-VARIANT-ID="e031a4bba7d4d76489ca7c997e7682626fbc629d34499a5d8a157ea8b35c167c"
presto-engine presto-diag m3u8 #EXT-X-STREAM-INF:AVERAGE-BANDWIDTH=3219709,_AVG-BANDWIDTH=3219709,BANDWIDTH=3479066,VIDEO-RANGE=SDR,CLOSED-CAPTIONS=NONE,CODECS="hvc1.2.20000000.L123.B0",FRAME-RATE=30.000,RESOLUTION=830x1108,STABLE-VARIANT-ID="022967fbc897753905d2d47436303b2537255a92f5b0560586267969c0534983"
presto-engine presto-diag m3u8 #EXT-X-STREAM-INF:AVERAGE-BANDWIDTH=3216005,_AVG-BANDWIDTH=3216005,BANDWIDTH=3625466,VIDEO-RANGE=SDR,CLOSED-CAPTIONS=NONE,CODECS="hvc1.2.20000000.L123.B0",FRAME-RATE=30.000,RESOLUTION=1078x1438,STABLE-VARIANT-ID="b1b680bb4d19c65b0150372e7b3476215e5e21d80f329d4ed4a4582e27831b6f"
presto-engine presto-diag m3u8 #EXT-X-STREAM-INF:AVERAGE-BANDWIDTH=4564969,_AVG-BANDWIDTH=4564969,BANDWIDTH=4789327,VIDEO-RANGE=SDR,CLOSED-CAPTIONS=NONE,CODECS="hvc1.2.20000000.L123.B0",FRAME-RATE=30.000,RESOLUTION=1078x1438,STABLE-VARIANT-ID="f5fb13812bbd514772a0eaf67e45188f31839ca3896e9697a2e3e630d29b9b37"
presto-engine presto-diag m3u8 #EXT-X-STREAM-INF:AVERAGE-BANDWIDTH=5964241,_AVG-BANDWIDTH=5964241,BANDWIDTH=6646010,VIDEO-RANGE=SDR,CLOSED-CAPTIONS=NONE,CODECS="hvc1.2.20000000.L123.B0",FRAME-RATE=30.000,RESOLUTION=1078x1438,STABLE-VARIANT-ID="107884c239c49d3d050f6a612089f5734e7d21d78ac38b07bb02b2ac334d793e"
presto-engine presto-diag m3u8 #EXT-X-STREAM-INF:AVERAGE-BANDWIDTH=8252479,_AVG-BANDWIDTH=8252479,BANDWIDTH=8781367,VIDEO-RANGE=SDR,CLOSED-CAPTIONS=NONE,CODECS="hvc1.2.20000000.L123.B0",FRAME-RATE=30.000,RESOLUTION=1080x1440,STABLE-VARIANT-ID="51460bf524c423c84f81b2f83faa5b14d503a77db1671b757410605f5a095348"
presto-engine presto-diag m3u8 #EXT-X-STREAM-INF:AVERAGE-BANDWIDTH=14267034,_AVG-BANDWIDTH=14267034,BANDWIDTH=15313090,VIDEO-RANGE=SDR,CLOSED-CAPTIONS=NONE,CODECS="hvc1.2.20000000.H150.B0",FRAME-RATE=30.000,RESOLUTION=1662x2216,STABLE-VARIANT-ID="9771a6d41cc01c6a579836032847e8c5bb1bb13bbabb087b2eb2d0d6135562c4"
presto-engine presto-diag m3u8 #EXT-X-STREAM-INF:AVERAGE-BANDWIDTH=8262309,_AVG-BANDWIDTH=8262309,BANDWIDTH=8802710,VIDEO-RANGE=SDR,CLOSED-CAPTIONS=NONE,CODECS="hvc1.2.20000000.H150.B0",FRAME-RATE=30.000,RESOLUTION=2048x2732,STABLE-VARIANT-ID="c838584c2f7c7b73cbe29c0cf289416f717011153c892fc28ed8db06fa45bcfb"
presto-engine presto-diag m3u8 #EXT-X-STREAM-INF:AVERAGE-BANDWIDTH=14618821,_AVG-BANDWIDTH=14618821,BANDWIDTH=15866343,VIDEO-RANGE=SDR,CLOSED-CAPTIONS=NONE,CODECS="hvc1.2.20000000.H150.B0",FRAME-RATE=30.000,RESOLUTION=2048x2732,STABLE-VARIANT-ID="8d165de07940e7534bcd99bdc1c9305f517618c8bc09ea2aaaeaf8fc392131f5"
presto-engine presto-diag m3u8 #EXT-X-STREAM-INF:AVERAGE-BANDWIDTH=24005391,_AVG-BANDWIDTH=24005391,BANDWIDTH=24879787,VIDEO-RANGE=SDR,CLOSED-CAPTIONS=NONE,CODECS="hvc1.2.20000000.H150.B0",FRAME-RATE=30.000,RESOLUTION=2048x2732,STABLE-VARIANT-ID="450ee41918be09feeb45e4c177bba18a8422eec8baa04dd11193bf0d319c2a68"
presto-engine presto-diag m3u8 #EXT-X-STREAM-INF:AVERAGE-BANDWIDTH=2160111,_AVG-BANDWIDTH=2160111,BANDWIDTH=2297765,VIDEO-RANGE=SDR,CLOSED-CAPTIONS=NONE,CODECS="avc1.64001f",FRAME-RATE=30.000,RESOLUTION=664x886,STABLE-VARIANT-ID="36476c4e27fe20c53152567ad39db520d73ca495d58c74e24fbbd073d5e513a8"
presto-engine presto-diag m3u8 #EXT-X-STREAM-INF:AVERAGE-BANDWIDTH=1884964,_AVG-BANDWIDTH=1884964,BANDWIDTH=1884964,VIDEO-RANGE=SDR,CLOSED-CAPTIONS=NONE,CODECS="hvc1.2.20000000.L123.B0",FRAME-RATE=30.000,RESOLUTION=664x886,STABLE-VARIANT-ID="deab60f1e5c326009675ba2ff2d88493fc81c9d26e32f11d33b7bd6072b18962"
presto-engine presto-diag m3u8 #EXT-X-STREAM-INF:AVERAGE-BANDWIDTH=265288,_AVG-BANDWIDTH=265288,BANDWIDTH=265288,VIDEO-RANGE=SDR,CLOSED-CAPTIONS=NONE,CODECS="avc1.64001f",FRAME-RATE=30.000,RESOLUTION=310x414,STABLE-VARIANT-ID="54a2a276a5553314ccdb89d3a01005efd62be4826f23ed5e8de4fc4dea3fe28a"
presto-engine presto-diag m3u8 #EXT-X-STREAM-INF:AVERAGE-BANDWIDTH=366582,_AVG-BANDWIDTH=366582,BANDWIDTH=368944,VIDEO-RANGE=SDR,CLOSED-CAPTIONS=NONE,CODECS="avc1.64001f",FRAME-RATE=30.000,RESOLUTION=352x470,STABLE-VARIANT-ID="f2acf99eeab245c63d77dc01da16213f2c7a5c113072085c1b1564802cad741b"
presto-engine presto-diag m3u8 #EXT-X-STREAM-INF:AVERAGE-BANDWIDTH=518235,_AVG-BANDWIDTH=518235,BANDWIDTH=543943,VIDEO-RANGE=SDR,CLOSED-CAPTIONS=NONE,CODECS="avc1.64001f",FRAME-RATE=30.000,RESOLUTION=394x526,STABLE-VARIANT-ID="2ddb6d0a443e4a949f7a6a685ac496a5c4a67096f2e9551631ee727c48eaf186"
presto-engine presto-diag m3u8 #EXT-X-STREAM-INF:AVERAGE-BANDWIDTH=764184,_AVG-BANDWIDTH=764184,BANDWIDTH=764184,VIDEO-RANGE=SDR,CLOSED-CAPTIONS=NONE,CODECS="avc1.64001f",FRAME-RATE=30.000,RESOLUTION=436x582,STABLE-VARIANT-ID="b2dedfff1c834a15b49869b68b6137ed8f7cf1349d9e187f6df5480861ba284c"
presto-engine presto-diag m3u8 #EXT-X-STREAM-INF:AVERAGE-BANDWIDTH=1163081,_AVG-BANDWIDTH=1163081,BANDWIDTH=1214248,VIDEO-RANGE=SDR,CLOSED-CAPTIONS=NONE,CODECS="avc1.64001f",FRAME-RATE=30.000,RESOLUTION=486x648,STABLE-VARIANT-ID="cb948a2d825650fef28390ce5974d68ebee4970e35b8931f48f7fdb5259cab74"
presto-engine presto-diag m3u8 #EXT-X-STREAM-INF:AVERAGE-BANDWIDTH=1579053,_AVG-BANDWIDTH=1579053,BANDWIDTH=1591709,VIDEO-RANGE=SDR,CLOSED-CAPTIONS=NONE,CODECS="avc1.64001f",FRAME-RATE=30.000,RESOLUTION=486x648,STABLE-VARIANT-ID="74bc9bfe752c36bc00b5549b8530df8d8168d5d28327176e1ba7b6a2d9a27c32"
presto-engine presto-diag m3u8 #EXT-X-STREAM-INF:AVERAGE-BANDWIDTH=2895306,_AVG-BANDWIDTH=2895306,BANDWIDTH=2945532,VIDEO-RANGE=SDR,CLOSED-CAPTIONS=NONE,CODECS="avc1.640020",FRAME-RATE=30.000,RESOLUTION=830x1106,STABLE-VARIANT-ID="a6e72fd2a01b7d036e1e0b73dfd51db870e38493edbfb6784c345ac6e8b00238"
presto-engine presto-diag m3u8 #EXT-X-STREAM-INF:AVERAGE-BANDWIDTH=3993251,_AVG-BANDWIDTH=3993251,BANDWIDTH=4007878,VIDEO-RANGE=SDR,CLOSED-CAPTIONS=NONE,CODECS="avc1.640020",FRAME-RATE=30.000,RESOLUTION=830x1108,STABLE-VARIANT-ID="b57c4a7de06504404858d18e2a4fc0831c08061ce69d3070befc2ca26df2e168"
presto-engine presto-diag m3u8 #EXT-X-STREAM-INF:AVERAGE-BANDWIDTH=3921462,_AVG-BANDWIDTH=3921462,BANDWIDTH=3921462,VIDEO-RANGE=SDR,CLOSED-CAPTIONS=NONE,CODECS="avc1.640028",FRAME-RATE=30.000,RESOLUTION=1078x1438,STABLE-VARIANT-ID="2daecf5ad200726ffe0bc64aa9fa448f264a332b3aef980c32454a817422f465"
presto-engine presto-diag m3u8 #EXT-X-STREAM-INF:AVERAGE-BANDWIDTH=5102362,_AVG-BANDWIDTH=5102362,BANDWIDTH=5102362,VIDEO-RANGE=SDR,CLOSED-CAPTIONS=NONE,CODECS="avc1.640028",FRAME-RATE=30.000,RESOLUTION=1078x1438,STABLE-VARIANT-ID="62bbfed23d84b64bc04cf2ab9bcade393c342746277206d4cf171d487506c938"
presto-engine presto-diag m3u8 #EXT-X-STREAM-INF:AVERAGE-BANDWIDTH=6668019,_AVG-BANDWIDTH=6668019,BANDWIDTH=6668019,VIDEO-RANGE=SDR,CLOSED-CAPTIONS=NONE,CODECS="avc1.640028",FRAME-RATE=30.000,RESOLUTION=1078x1438,STABLE-VARIANT-ID="ea5e63ba3c4af092d5e4bb0caae48b35fceda23a14d354d4ef6be334309aeba6"
presto-engine presto-diag m3u8 #EXT-X-STREAM-INF:AVERAGE-BANDWIDTH=10019599,_AVG-BANDWIDTH=10019599,BANDWIDTH=10019599,VIDEO-RANGE=SDR,CLOSED-CAPTIONS=NONE,CODECS="avc1.640028",FRAME-RATE=30.000,RESOLUTION=1080x1440,STABLE-VARIANT-ID="07c148b5983c4d7f75a2a6ee85dc1b280915dae2665c841c6f38ed33e8d5f321"
presto-engine presto-diag m3u8 #EXT-X-STREAM-INF:AVERAGE-BANDWIDTH=312683,_AVG-BANDWIDTH=312683,BANDWIDTH=313523,VIDEO-RANGE=SDR,CLOSED-CAPTIONS=NONE,CODECS="hvc1.2.20000000.L123.B0",FRAME-RATE=30.000,RESOLUTION=310x414,STABLE-VARIANT-ID="dc8ab3773df554f3f776e6424698dc82d353a0f46484c951ef24e7e710c634a9"
presto-engine presto-diag m3u8 #EXT-X-STREAM-INF:AVERAGE-BANDWIDTH=499018,_AVG-BANDWIDTH=499018,BANDWIDTH=499018,VIDEO-RANGE=SDR,CLOSED-CAPTIONS=NONE,CODECS="hvc1.2.20000000.L123.B0",FRAME-RATE=30.000,RESOLUTION=394x526,STABLE-VARIANT-ID="b09138f1d3690bea539394cde2ce0e7a679a754c76317cc3c622066b7775d40a"
presto-engine presto-diag m3u8 #EXT-X-STREAM-INF:AVERAGE-BANDWIDTH=723824,_AVG-BANDWIDTH=723824,BANDWIDTH=723824,VIDEO-RANGE=SDR,CLOSED-CAPTIONS=NONE,CODECS="hvc1.2.20000000.L123.B0",FRAME-RATE=30.000,RESOLUTION=436x582,STABLE-VARIANT-ID="252dc1e7e9bd1a6dcd273516e9a50e2603348859707422406734bf063d32485c"
presto-engine presto-diag m3u8 #EXT-X-STREAM-INF:AVERAGE-BANDWIDTH=1050868,_AVG-BANDWIDTH=1050868,BANDWIDTH=1053443,VIDEO-RANGE=SDR,CLOSED-CAPTIONS=NONE,CODECS="hvc1.2.20000000.L123.B0",FRAME-RATE=30.000,RESOLUTION=486x648,STABLE-VARIANT-ID="835c22e72fbe3dbcd813ff601d485b56b3cd1ba7db1291b58f41a688b856bfef"
presto-engine presto-diag m3u8 #EXT-X-STREAM-INF:AVERAGE-BANDWIDTH=1355958,_AVG-BANDWIDTH=1355958,BANDWIDTH=1355958,VIDEO-RANGE=SDR,CLOSED-CAPTIONS=NONE,CODECS="hvc1.2.20000000.L123.B0",FRAME-RATE=30.000,RESOLUTION=486x648,STABLE-VARIANT-ID="efc959545a4881ca3780c8b738ea51b8063ec7346a6d635a4064535b30895518"
presto-engine presto-diag m3u8 #EXT-X-STREAM-INF:AVERAGE-BANDWIDTH=2565503,_AVG-BANDWIDTH=2565503,BANDWIDTH=2565503,VIDEO-RANGE=SDR,CLOSED-CAPTIONS=NONE,CODECS="hvc1.2.20000000.L123.B0",FRAME-RATE=30.000,RESOLUTION=830x1106,STABLE-VARIANT-ID="d4769282913f6b6f387b438a5b3cbc50591e17820b8417e328ac77f7e012f453"
presto-engine presto-diag m3u8 #EXT-X-STREAM-INF:AVERAGE-BANDWIDTH=3343894,_AVG-BANDWIDTH=3343894,BANDWIDTH=3343894,VIDEO-RANGE=SDR,CLOSED-CAPTIONS=NONE,CODECS="hvc1.2.20000000.L123.B0",FRAME-RATE=30.000,RESOLUTION=830x1108,STABLE-VARIANT-ID="a631993b0595c8507f58e1e9e88d1278aa603aad0c2b6ccf38fd07be44aeb91e"
presto-engine presto-diag m3u8 #EXT-X-STREAM-INF:AVERAGE-BANDWIDTH=3449890,_AVG-BANDWIDTH=3449890,BANDWIDTH=3449890,VIDEO-RANGE=SDR,CLOSED-CAPTIONS=NONE,CODECS="hvc1.2.20000000.L123.B0",FRAME-RATE=30.000,RESOLUTION=1078x1438,STABLE-VARIANT-ID="bb197e51723840d2a1d0c45475335ad48837771dec05ddbacdfc4b21adbe2311"
presto-engine presto-diag m3u8 #EXT-X-STREAM-INF:AVERAGE-BANDWIDTH=4746838,_AVG-BANDWIDTH=4746838,BANDWIDTH=4746838,VIDEO-RANGE=SDR,CLOSED-CAPTIONS=NONE,CODECS="hvc1.2.20000000.L123.B0",FRAME-RATE=30.000,RESOLUTION=1078x1438,STABLE-VARIANT-ID="dc4672972c0e2e28a0245b39d092249447205717149128834b8aa5d33b5068e7"
presto-engine presto-diag m3u8 #EXT-X-STREAM-INF:AVERAGE-BANDWIDTH=6110936,_AVG-BANDWIDTH=6110936,BANDWIDTH=6110936,VIDEO-RANGE=SDR,CLOSED-CAPTIONS=NONE,CODECS="hvc1.2.20000000.L123.B0",FRAME-RATE=30.000,RESOLUTION=1078x1438,STABLE-VARIANT-ID="4de5856ede7d1fe512510961d428cf8dba97d7fd91e7d9fe5730f8660c608680"
presto-engine presto-diag m3u8 #EXT-X-STREAM-INF:AVERAGE-BANDWIDTH=8539235,_AVG-BANDWIDTH=8539235,BANDWIDTH=8539235,VIDEO-RANGE=SDR,CLOSED-CAPTIONS=NONE,CODECS="hvc1.2.20000000.L123.B0",FRAME-RATE=30.000,RESOLUTION=1080x1440,STABLE-VARIANT-ID="a372e0f1b9bc10b1826043ceaf6d531b4909015bca44008d1925826c3a2c1eaa"
presto-engine presto-diag m3u8 #EXT-X-STREAM-INF:AVERAGE-BANDWIDTH=14736885,_AVG-BANDWIDTH=14736885,BANDWIDTH=14736885,VIDEO-RANGE=SDR,CLOSED-CAPTIONS=NONE,CODECS="hvc1.2.20000000.H150.B0",FRAME-RATE=30.000,RESOLUTION=1662x2216,STABLE-VARIANT-ID="c9528d0f11eb7d1ecccffee507ddc5beb5f20e097656654f3011731da39cd0b4"
presto-engine presto-diag m3u8 #EXT-X-STREAM-INF:AVERAGE-BANDWIDTH=8794680,_AVG-BANDWIDTH=8794680,BANDWIDTH=10467445,VIDEO-RANGE=SDR,CLOSED-CAPTIONS=NONE,CODECS="hvc1.2.20000000.H150.B0",FRAME-RATE=30.000,RESOLUTION=2048x2732,STABLE-VARIANT-ID="1bb40a6f4c2c4a895b1f035869ae5c94932220728ae3ef6610f9c36b2136c94d"
presto-engine presto-diag m3u8 #EXT-X-STREAM-INF:AVERAGE-BANDWIDTH=15079265,_AVG-BANDWIDTH=15079265,BANDWIDTH=15079265,VIDEO-RANGE=SDR,CLOSED-CAPTIONS=NONE,CODECS="hvc1.2.20000000.H150.B0",FRAME-RATE=30.000,RESOLUTION=2048x2732,STABLE-VARIANT-ID="f016d4a25aa5a16c43eee1e6bcdb99934d50090110557564ad2d46012b27d3c8"
presto-engine presto-diag m3u8 #EXT-X-STREAM-INF:AVERAGE-BANDWIDTH=25031667,_AVG-BANDWIDTH=25031667,BANDWIDTH=25031667,VIDEO-RANGE=SDR,CLOSED-CAPTIONS=NONE,CODECS="hvc1.2.20000000.H150.B0",FRAME-RATE=30.000,RESOLUTION=2048x2732,STABLE-VARIANT-ID="d0332fcd7649cd858f86b7b91915038d078a55a7247c8df1051dbe39dba09cb5"
presto-engine presto-diag m3u8 #EXT-X-STREAM-INF:AVERAGE-BANDWIDTH=2129363,_AVG-BANDWIDTH=2129363,BANDWIDTH=2542581,VIDEO-RANGE=SDR,CLOSED-CAPTIONS=NONE,CODECS="avc1.64001f",FRAME-RATE=30.000,RESOLUTION=664x886,STABLE-VARIANT-ID="016cc43103bfa93fb8e5958e2144b66ab28637e5a504b2d21e6b6685beb96256"
presto-engine presto-diag m3u8 #EXT-X-STREAM-INF:AVERAGE-BANDWIDTH=1494390,_AVG-BANDWIDTH=1494390,BANDWIDTH=1875802,VIDEO-RANGE=SDR,CLOSED-CAPTIONS=NONE,CODECS="hvc1.2.20000000.L123.B0",FRAME-RATE=30.000,RESOLUTION=664x886,STABLE-VARIANT-ID="985991e726bf6382dad7a47367bdc4a857ed5e715269deb468ced0ad62b8265b"
presto-engine presto-diag m3u8 #EXT-X-STREAM-INF:AVERAGE-BANDWIDTH=245259,_AVG-BANDWIDTH=245259,BANDWIDTH=340731,VIDEO-RANGE=SDR,CLOSED-CAPTIONS=NONE,CODECS="avc1.64001f",FRAME-RATE=30.000,RESOLUTION=310x414,STABLE-VARIANT-ID="798ac39c2e80f665fc0c3373d26f59e26b617b2a9b1f9a83b845e4277b720b27"
presto-engine presto-diag m3u8 #EXT-X-STREAM-INF:AVERAGE-BANDWIDTH=336981,_AVG-BANDWIDTH=336981,BANDWIDTH=464143,VIDEO-RANGE=SDR,CLOSED-CAPTIONS=NONE,CODECS="avc1.64001f",FRAME-RATE=30.000,RESOLUTION=352x470,STABLE-VARIANT-ID="ccba5baa7e6f6633b8aa11e1f0bd7e7f283419d2f5c99267607e78582575a17f"
presto-engine presto-diag m3u8 #EXT-X-STREAM-INF:AVERAGE-BANDWIDTH=474432,_AVG-BANDWIDTH=474432,BANDWIDTH=649730,VIDEO-RANGE=SDR,CLOSED-CAPTIONS=NONE,CODECS="avc1.64001f",FRAME-RATE=30.000,RESOLUTION=394x526,STABLE-VARIANT-ID="a2157da5f2fd21cae0de2bbdecac78c4abf4d9762d37b5717364f9af675ea1b3"
presto-engine presto-diag m3u8 #EXT-X-STREAM-INF:AVERAGE-BANDWIDTH=725656,_AVG-BANDWIDTH=725656,BANDWIDTH=975782,VIDEO-RANGE=SDR,CLOSED-CAPTIONS=NONE,CODECS="avc1.64001f",FRAME-RATE=30.000,RESOLUTION=436x582,STABLE-VARIANT-ID="9a92dd5a2e0289e11b186cdcc66bffef6406f193ad9b724e1c27272b6851eeb7"
presto-engine presto-diag m3u8 #EXT-X-STREAM-INF:AVERAGE-BANDWIDTH=1097535,_AVG-BANDWIDTH=1097535,BANDWIDTH=1348531,VIDEO-RANGE=SDR,CLOSED-CAPTIONS=NONE,CODECS="avc1.64001f",FRAME-RATE=30.000,RESOLUTION=486x648,STABLE-VARIANT-ID="f451886d168dd015fa8e527a1f5ffa7a723444c474a9db5b018dde2f15b82873"
presto-engine presto-diag m3u8 #EXT-X-STREAM-INF:AVERAGE-BANDWIDTH=1534924,_AVG-BANDWIDTH=1534924,BANDWIDTH=1809836,VIDEO-RANGE=SDR,CLOSED-CAPTIONS=NONE,CODECS="avc1.64001f",FRAME-RATE=30.000,RESOLUTION=486x648,STABLE-VARIANT-ID="eb4d4099e2b492519c3701ebfcf118e07ae64a46e90d404ce5adf33f45f2e154"
presto-engine presto-diag m3u8 #EXT-X-STREAM-INF:AVERAGE-BANDWIDTH=2653794,_AVG-BANDWIDTH=2653794,BANDWIDTH=3313997,VIDEO-RANGE=SDR,CLOSED-CAPTIONS=NONE,CODECS="avc1.640020",FRAME-RATE=30.000,RESOLUTION=830x1106,STABLE-VARIANT-ID="d7d8223d18e130e3a08f8aa1b6cc51b4ebb67ec154bca315cff2e69240627136"
presto-engine presto-diag m3u8 #EXT-X-STREAM-INF:AVERAGE-BANDWIDTH=3887599,_AVG-BANDWIDTH=3887599,BANDWIDTH=4529960,VIDEO-RANGE=SDR,CLOSED-CAPTIONS=NONE,CODECS="avc1.640020",FRAME-RATE=30.000,RESOLUTION=830x1108,STABLE-VARIANT-ID="b0f11638056957afac0ef3b94206bfbee3cb027022a5029699f5430ab716e3be"
presto-engine presto-diag m3u8 #EXT-X-STREAM-INF:AVERAGE-BANDWIDTH=3640734,_AVG-BANDWIDTH=3640734,BANDWIDTH=4659334,VIDEO-RANGE=SDR,CLOSED-CAPTIONS=NONE,CODECS="avc1.640028",FRAME-RATE=30.000,RESOLUTION=1078x1438,STABLE-VARIANT-ID="bfa88b0ecf78fdc839ac8ce51d48c350af852b454438efc0b3a7be6281bb5cad"
presto-engine presto-diag m3u8 #EXT-X-STREAM-INF:AVERAGE-BANDWIDTH=5153874,_AVG-BANDWIDTH=5153874,BANDWIDTH=6355275,VIDEO-RANGE=SDR,CLOSED-CAPTIONS=NONE,CODECS="avc1.640028",FRAME-RATE=30.000,RESOLUTION=1078x1438,STABLE-VARIANT-ID="546772566c226c18186b8ae6bb06b78baa2ee2527fbf530b850c97857f6a6698"
presto-engine presto-diag m3u8 #EXT-X-STREAM-INF:AVERAGE-BANDWIDTH=6716394,_AVG-BANDWIDTH=6716394,BANDWIDTH=7805480,VIDEO-RANGE=SDR,CLOSED-CAPTIONS=NONE,CODECS="avc1.640028",FRAME-RATE=30.000,RESOLUTION=1078x1438,STABLE-VARIANT-ID="87c8ee4983cb4c943e5ce48d8a6857c1b87c1c3554b88f3e42673052ab3616fc"
presto-engine presto-diag m3u8 #EXT-X-STREAM-INF:AVERAGE-BANDWIDTH=10049349,_AVG-BANDWIDTH=10049349,BANDWIDTH=11181493,VIDEO-RANGE=SDR,CLOSED-CAPTIONS=NONE,CODECS="avc1.640028",FRAME-RATE=30.000,RESOLUTION=1080x1440,STABLE-VARIANT-ID="5b0d7495177c81c370edc8801d2ab8fb00c81653106b87c6915bc2c2e6c5f593"
presto-engine presto-diag m3u8 #EXT-X-STREAM-INF:AVERAGE-BANDWIDTH=300909,_AVG-BANDWIDTH=300909,BANDWIDTH=381515,VIDEO-RANGE=SDR,CLOSED-CAPTIONS=NONE,CODECS="hvc1.2.20000000.L123.B0",FRAME-RATE=30.000,RESOLUTION=310x414,STABLE-VARIANT-ID="ac62f18bd9454226a24ddfe83337bfee8cbf525ba6919d177a82e2bb3b4c41d5"
presto-engine presto-diag m3u8 #EXT-X-STREAM-INF:AVERAGE-BANDWIDTH=476694,_AVG-BANDWIDTH=476694,BANDWIDTH=612916,VIDEO-RANGE=SDR,CLOSED-CAPTIONS=NONE,CODECS="hvc1.2.20000000.L123.B0",FRAME-RATE=30.000,RESOLUTION=394x526,STABLE-VARIANT-ID="be26b414eac2c7aaaf9d5aa13bf5aea55c5fbf20705631dd7734aabfc1afc833"
presto-engine presto-diag m3u8 #EXT-X-STREAM-INF:AVERAGE-BANDWIDTH=671448,_AVG-BANDWIDTH=671448,BANDWIDTH=867156,VIDEO-RANGE=SDR,CLOSED-CAPTIONS=NONE,CODECS="hvc1.2.20000000.L123.B0",FRAME-RATE=30.000,RESOLUTION=436x582,STABLE-VARIANT-ID="cfa5f6b0821c5cce24957a285d26e2a8781e9920c6885b8ff489954631855920"
presto-engine presto-diag m3u8 #EXT-X-STREAM-INF:AVERAGE-BANDWIDTH=883587,_AVG-BANDWIDTH=883587,BANDWIDTH=1090993,VIDEO-RANGE=SDR,CLOSED-CAPTIONS=NONE,CODECS="hvc1.2.20000000.L123.B0",FRAME-RATE=30.000,RESOLUTION=486x648,STABLE-VARIANT-ID="d5f3d9d59fc6743bcb6c47cb2ed239e8826a8978d4fc478c5b7434e1aaa6ac58"
presto-engine presto-diag m3u8 #EXT-X-STREAM-INF:AVERAGE-BANDWIDTH=1034715,_AVG-BANDWIDTH=1034715,BANDWIDTH=1285788,VIDEO-RANGE=SDR,CLOSED-CAPTIONS=NONE,CODECS="hvc1.2.20000000.L123.B0",FRAME-RATE=30.000,RESOLUTION=486x648,STABLE-VARIANT-ID="77eb0657181e81c6d0ab6e4e110756d36c4969f67e6fb2616664717e1efb978e"
presto-engine presto-diag m3u8 #EXT-X-STREAM-INF:AVERAGE-BANDWIDTH=2049989,_AVG-BANDWIDTH=2049989,BANDWIDTH=2716036,VIDEO-RANGE=SDR,CLOSED-CAPTIONS=NONE,CODECS="hvc1.2.20000000.L123.B0",FRAME-RATE=30.000,RESOLUTION=830x1106,STABLE-VARIANT-ID="a2a7f4da5234beb975f3b01cd56c0a103f7e7fdc8bbc78846641d09729ecf7a8"
presto-engine presto-diag m3u8 #EXT-X-STREAM-INF:AVERAGE-BANDWIDTH=2288809,_AVG-BANDWIDTH=2288809,BANDWIDTH=2984589,VIDEO-RANGE=SDR,CLOSED-CAPTIONS=NONE,CODECS="hvc1.2.20000000.L123.B0",FRAME-RATE=30.000,RESOLUTION=830x1108,STABLE-VARIANT-ID="f3f03d55b50a078a6803e94f8ec91e5b336a340bd1f7b3bbd5b5c5fa13076d57"
presto-engine presto-diag m3u8 #EXT-X-STREAM-INF:AVERAGE-BANDWIDTH=3065214,_AVG-BANDWIDTH=3065214,BANDWIDTH=4138713,VIDEO-RANGE=SDR,CLOSED-CAPTIONS=NONE,CODECS="hvc1.2.20000000.L123.B0",FRAME-RATE=30.000,RESOLUTION=1078x1438,STABLE-VARIANT-ID="c0db21549320b3d3d31ab1998168fe71653f18b6b8076bbc40a993e00cb8fb7c"
presto-engine presto-diag m3u8 #EXT-X-STREAM-INF:AVERAGE-BANDWIDTH=3835758,_AVG-BANDWIDTH=3835758,BANDWIDTH=4946495,VIDEO-RANGE=SDR,CLOSED-CAPTIONS=NONE,CODECS="hvc1.2.20000000.L123.B0",FRAME-RATE=30.000,RESOLUTION=1078x1438,STABLE-VARIANT-ID="e54d6abf4689a96f9e2c2ebe7483d1703c935c667b232c2af4e22ceebc7f8efb"
presto-engine presto-diag m3u8 #EXT-X-STREAM-INF:AVERAGE-BANDWIDTH=4360606,_AVG-BANDWIDTH=4360606,BANDWIDTH=5810064,VIDEO-RANGE=SDR,CLOSED-CAPTIONS=NONE,CODECS="hvc1.2.20000000.L123.B0",FRAME-RATE=30.000,RESOLUTION=1078x1438,STABLE-VARIANT-ID="3b12d1150a267cf1f139277d16b392d4b6461dcbf53e9eb3f4430fbf4eafb01e"
presto-engine presto-diag m3u8 #EXT-X-STREAM-INF:AVERAGE-BANDWIDTH=4629751,_AVG-BANDWIDTH=4629751,BANDWIDTH=5786578,VIDEO-RANGE=SDR,CLOSED-CAPTIONS=NONE,CODECS="hvc1.2.20000000.L123.B0",FRAME-RATE=30.000,RESOLUTION=1080x1440,STABLE-VARIANT-ID="65b95db490522fa904849b46943e81f954eb7f2c099db0532cccb6fcbf87620c"
presto-engine presto-diag m3u8 #EXT-X-STREAM-INF:AVERAGE-BANDWIDTH=14543038,_AVG-BANDWIDTH=14543038,BANDWIDTH=19751154,VIDEO-RANGE=SDR,CLOSED-CAPTIONS=NONE,CODECS="hvc1.2.20000000.H150.B0",FRAME-RATE=30.000,RESOLUTION=1662x2216,STABLE-VARIANT-ID="72486c00c8d4c247332653ae58c6d89726e8e02561ffb723935d8121b1fe3325"
presto-engine presto-diag m3u8 #EXT-X-STREAM-INF:AVERAGE-BANDWIDTH=8762409,_AVG-BANDWIDTH=8762409,BANDWIDTH=13188607,VIDEO-RANGE=SDR,CLOSED-CAPTIONS=NONE,CODECS="hvc1.2.20000000.H150.B0",FRAME-RATE=30.000,RESOLUTION=2048x2732,STABLE-VARIANT-ID="59d7ce6e28494d18c7a701bd9ee599df505acd18d92b6ef3c612c2688f78b77a"
presto-engine presto-diag m3u8 #EXT-X-STREAM-INF:AVERAGE-BANDWIDTH=14778086,_AVG-BANDWIDTH=14778086,BANDWIDTH=23653404,VIDEO-RANGE=SDR,CLOSED-CAPTIONS=NONE,CODECS="hvc1.2.20000000.H150.B0",FRAME-RATE=30.000,RESOLUTION=2048x2732,STABLE-VARIANT-ID="ae4736852675cc883469f7eb0d17d74e65bd4e396f7f14839ffa706692ab276c"
presto-engine presto-diag m3u8 #EXT-X-STREAM-INF:AVERAGE-BANDWIDTH=25189425,_AVG-BANDWIDTH=25189425,BANDWIDTH=35912996,VIDEO-RANGE=SDR,CLOSED-CAPTIONS=NONE,CODECS="hvc1.2.20000000.H150.B0",FRAME-RATE=30.000,RESOLUTION=2048x2732,STABLE-VARIANT-ID="c09fd952c5406537d8c3cf859f4f974ec760f5cf2dfe644257420c64cc140dda"
presto-engine presto-diag m3u8 #EXT-X-STREAM-INF:AVERAGE-BANDWIDTH=2143252,_AVG-BANDWIDTH=2143252,BANDWIDTH=2318030,VIDEO-RANGE=SDR,CLOSED-CAPTIONS=NONE,CODECS="avc1.64001f",FRAME-RATE=30.000,RESOLUTION=664x886,STABLE-VARIANT-ID="623947821c8b437f0d828f6487902936e7660e7061249ea3b6c5d48066d0da2f"
presto-engine presto-diag m3u8 #EXT-X-STREAM-INF:AVERAGE-BANDWIDTH=1834712,_AVG-BANDWIDTH=1834712,BANDWIDTH=1887346,VIDEO-RANGE=SDR,CLOSED-CAPTIONS=NONE,CODECS="hvc1.2.20000000.L123.B0",FRAME-RATE=30.000,RESOLUTION=664x886,STABLE-VARIANT-ID="5acae17c43db1e7a88ec402dc953b38fd67f0e14885aab000e415d644b7ca71a"
presto-engine presto-diag m3u8 #EXT-X-STREAM-INF:AVERAGE-BANDWIDTH=264973,_AVG-BANDWIDTH=264973,BANDWIDTH=278371,VIDEO-RANGE=SDR,CLOSED-CAPTIONS=NONE,CODECS="avc1.64001f",FRAME-RATE=30.000,RESOLUTION=310x414,STABLE-VARIANT-ID="576e60f98e2776dd46aa6902cc055286cf5acb98129871bed699e5f16e34f654"
presto-engine presto-diag m3u8 #EXT-X-STREAM-INF:AVERAGE-BANDWIDTH=359642,_AVG-BANDWIDTH=359642,BANDWIDTH=388858,VIDEO-RANGE=SDR,CLOSED-CAPTIONS=NONE,CODECS="avc1.64001f",FRAME-RATE=30.000,RESOLUTION=352x470,STABLE-VARIANT-ID="259a94ed5a934100da3ce36035a3fcd48dc12a52a37970adaccaaa33ab9b429e"
presto-engine presto-diag m3u8 #EXT-X-STREAM-INF:AVERAGE-BANDWIDTH=514510,_AVG-BANDWIDTH=514510,BANDWIDTH=544008,VIDEO-RANGE=SDR,CLOSED-CAPTIONS=NONE,CODECS="avc1.64001f",FRAME-RATE=30.000,RESOLUTION=394x526,STABLE-VARIANT-ID="572aa2aad8f0086faca5537dafaa50728427dab5c0d993d2ca037ffd4d889dd3"
presto-engine presto-diag m3u8 #EXT-X-STREAM-INF:AVERAGE-BANDWIDTH=772123,_AVG-BANDWIDTH=772123,BANDWIDTH=792673,VIDEO-RANGE=SDR,CLOSED-CAPTIONS=NONE,CODECS="avc1.64001f",FRAME-RATE=30.000,RESOLUTION=436x582,STABLE-VARIANT-ID="c99512b0e420d7cadaa0887c068508bfe3a6de0a28c8d656d9c8ed61979692d2"
presto-engine presto-diag m3u8 #EXT-X-STREAM-INF:AVERAGE-BANDWIDTH=1120019,_AVG-BANDWIDTH=1120019,BANDWIDTH=1203700,VIDEO-RANGE=SDR,CLOSED-CAPTIONS=NONE,CODECS="avc1.64001f",FRAME-RATE=30.000,RESOLUTION=486x648,STABLE-VARIANT-ID="23f89b42a5cc1aa6152896067e9f0b797e76b6a6dff3cc4e1ebf400c0c8d9dcf"
presto-engine presto-diag m3u8 #EXT-X-STREAM-INF:AVERAGE-BANDWIDTH=1527332,_AVG-BANDWIDTH=1527332,BANDWIDTH=1587022,VIDEO-RANGE=SDR,CLOSED-CAPTIONS=NONE,CODECS="avc1.64001f",FRAME-RATE=30.000,RESOLUTION=486x648,STABLE-VARIANT-ID="c8a886d6808fe7962c5ede44d4c3e72625ea07d683fcd812c9a207c5149dca9d"
presto-engine presto-diag m3u8 #EXT-X-STREAM-INF:AVERAGE-BANDWIDTH=2834482,_AVG-BANDWIDTH=2834482,BANDWIDTH=3030144,VIDEO-RANGE=SDR,CLOSED-CAPTIONS=NONE,CODECS="avc1.640020",FRAME-RATE=30.000,RESOLUTION=830x1106,STABLE-VARIANT-ID="c397d5127a82ed55efe9cbcf875b3f058a21b40337cde4bb6990c5bfa8836460"
presto-engine presto-diag m3u8 #EXT-X-STREAM-INF:AVERAGE-BANDWIDTH=3860359,_AVG-BANDWIDTH=3860359,BANDWIDTH=4144259,VIDEO-RANGE=SDR,CLOSED-CAPTIONS=NONE,CODECS="avc1.640020",FRAME-RATE=30.000,RESOLUTION=830x1108,STABLE-VARIANT-ID="308b321af96acab6c0b084258a8a6867f33dc5a096a3078870e4343545bd41b9"
presto-engine presto-diag m3u8 #EXT-X-STREAM-INF:AVERAGE-BANDWIDTH=3838608,_AVG-BANDWIDTH=3838608,BANDWIDTH=4016285,VIDEO-RANGE=SDR,CLOSED-CAPTIONS=NONE,CODECS="avc1.640028",FRAME-RATE=30.000,RESOLUTION=1078x1438,STABLE-VARIANT-ID="554daa59ffb3ecf76be7ca1c657cbe5f0f18cdee27b8b0ced263a869d3fd5571"
presto-engine presto-diag m3u8 #EXT-X-STREAM-INF:AVERAGE-BANDWIDTH=5099906,_AVG-BANDWIDTH=5099906,BANDWIDTH=5154361,VIDEO-RANGE=SDR,CLOSED-CAPTIONS=NONE,CODECS="avc1.640028",FRAME-RATE=30.000,RESOLUTION=1078x1438,STABLE-VARIANT-ID="3c683621230dd46e497945d07f8c6568319ecde1d1eb5885f5164ae9f44c2176"
presto-engine presto-diag m3u8 #EXT-X-STREAM-INF:AVERAGE-BANDWIDTH=6653257,_AVG-BANDWIDTH=6653257,BANDWIDTH=6832559,VIDEO-RANGE=SDR,CLOSED-CAPTIONS=NONE,CODECS="avc1.640028",FRAME-RATE=30.000,RESOLUTION=1078x1438,STABLE-VARIANT-ID="0f7d7b81147f288e2f81144716ae8c6d0f87df2be440ac7adafc63b585309ce7"
presto-engine presto-diag m3u8 #EXT-X-STREAM-INF:AVERAGE-BANDWIDTH=10088852,_AVG-BANDWIDTH=10088852,BANDWIDTH=10508604,VIDEO-RANGE=SDR,CLOSED-CAPTIONS=NONE,CODECS="avc1.640028",FRAME-RATE=30.000,RESOLUTION=1080x1440,STABLE-VARIANT-ID="16c8a2b022c9964db43bc9f5a9329272127a2da12685e177d7f27321dc3d6d67"
presto-engine presto-diag m3u8 #EXT-X-STREAM-INF:AVERAGE-BANDWIDTH=306367,_AVG-BANDWIDTH=306367,BANDWIDTH=323140,VIDEO-RANGE=SDR,CLOSED-CAPTIONS=NONE,CODECS="hvc1.2.20000000.L123.B0",FRAME-RATE=30.000,RESOLUTION=310x414,STABLE-VARIANT-ID="05fac2f6a15cccaaded001e0da2afbfef7f1b46a5430ee90d496eef993907526"
presto-engine presto-diag m3u8 #EXT-X-STREAM-INF:AVERAGE-BANDWIDTH=496117,_AVG-BANDWIDTH=496117,BANDWIDTH=518325,VIDEO-RANGE=SDR,CLOSED-CAPTIONS=NONE,CODECS="hvc1.2.20000000.L123.B0",FRAME-RATE=30.000,RESOLUTION=394x526,STABLE-VARIANT-ID="d78ea29ea9b8c69cc6d97b1c5197b0b3914b6364eaa1556100b4da4f8cbde5fd"
presto-engine presto-diag m3u8 #EXT-X-STREAM-INF:AVERAGE-BANDWIDTH=699158,_AVG-BANDWIDTH=699158,BANDWIDTH=742009,VIDEO-RANGE=SDR,CLOSED-CAPTIONS=NONE,CODECS="hvc1.2.20000000.L123.B0",FRAME-RATE=30.000,RESOLUTION=436x582,STABLE-VARIANT-ID="4a7dce1c9b7338a700bc54460d69ac43e0177d7ba7d676f4f0f2ef60385dd55e"
presto-engine presto-diag m3u8 #EXT-X-STREAM-INF:AVERAGE-BANDWIDTH=1059230,_AVG-BANDWIDTH=1059230,BANDWIDTH=1117790,VIDEO-RANGE=SDR,CLOSED-CAPTIONS=NONE,CODECS="hvc1.2.20000000.L123.B0",FRAME-RATE=30.000,RESOLUTION=486x648,STABLE-VARIANT-ID="7bf8da24baa7dc3a7dfa5303a7f8e12703564483382f34c710021e97abe2b939"
presto-engine presto-diag m3u8 #EXT-X-STREAM-INF:AVERAGE-BANDWIDTH=1352186,_AVG-BANDWIDTH=1352186,BANDWIDTH=1465380,VIDEO-RANGE=SDR,CLOSED-CAPTIONS=NONE,CODECS="hvc1.2.20000000.L123.B0",FRAME-RATE=30.000,RESOLUTION=486x648,STABLE-VARIANT-ID="2b5e126a60133981687f9ae1a51e2974a9b294715ab3ddd17995ed3563187ef1"
presto-engine presto-diag m3u8 #EXT-X-STREAM-INF:AVERAGE-BANDWIDTH=2514822,_AVG-BANDWIDTH=2514822,BANDWIDTH=2623499,VIDEO-RANGE=SDR,CLOSED-CAPTIONS=NONE,CODECS="hvc1.2.20000000.L123.B0",FRAME-RATE=30.000,RESOLUTION=830x1106,STABLE-VARIANT-ID="94046c97d4c382d88f556aea24e67b279469ec2947283c9536c91774dfc7d109"
presto-engine presto-diag m3u8 #EXT-X-STREAM-INF:AVERAGE-BANDWIDTH=3310469,_AVG-BANDWIDTH=3310469,BANDWIDTH=3375512,VIDEO-RANGE=SDR,CLOSED-CAPTIONS=NONE,CODECS="hvc1.2.20000000.L123.B0",FRAME-RATE=30.000,RESOLUTION=830x1108,STABLE-VARIANT-ID="f7a8f42e4966153f2012dcd886bad7f390eacb39f656c6568b3416ec9e2413f9"
presto-engine presto-diag m3u8 #EXT-X-STREAM-INF:AVERAGE-BANDWIDTH=3332222,_AVG-BANDWIDTH=3332222,BANDWIDTH=3409215,VIDEO-RANGE=SDR,CLOSED-CAPTIONS=NONE,CODECS="hvc1.2.20000000.L123.B0",FRAME-RATE=30.000,RESOLUTION=1078x1438,STABLE-VARIANT-ID="55ae64e2d6fdaf47ee2bb0d6bbcf14d1d6b7b17ec8e3def28e08a3f08ae4bfe3"
presto-engine presto-diag m3u8 #EXT-X-STREAM-INF:AVERAGE-BANDWIDTH=4580495,_AVG-BANDWIDTH=4580495,BANDWIDTH=4580495,VIDEO-RANGE=SDR,CLOSED-CAPTIONS=NONE,CODECS="hvc1.2.20000000.L123.B0",FRAME-RATE=30.000,RESOLUTION=1078x1438,STABLE-VARIANT-ID="1e89b8eeaa05d03356b449261fed38fc5624699df995f39fb995295f1a9dc706"
presto-engine presto-diag m3u8 #EXT-X-STREAM-INF:AVERAGE-BANDWIDTH=5968157,_AVG-BANDWIDTH=5968157,BANDWIDTH=6071048,VIDEO-RANGE=SDR,CLOSED-CAPTIONS=NONE,CODECS="hvc1.2.20000000.L123.B0",FRAME-RATE=30.000,RESOLUTION=1078x1438,STABLE-VARIANT-ID="9a20f101ccd98afc66a52287d605ad2b03a9fa9cebf6ae871a7d7936ef27d013"
presto-engine presto-diag m3u8 #EXT-X-STREAM-INF:AVERAGE-BANDWIDTH=8433011,_AVG-BANDWIDTH=8433011,BANDWIDTH=8922944,VIDEO-RANGE=SDR,CLOSED-CAPTIONS=NONE,CODECS="hvc1.2.20000000.L123.B0",FRAME-RATE=30.000,RESOLUTION=1080x1440,STABLE-VARIANT-ID="bde24936dad84af940571faa9813ea5ffc26026eeba93969356281f8f7f79209"
presto-engine presto-diag m3u8 #EXT-X-STREAM-INF:AVERAGE-BANDWIDTH=14222718,_AVG-BANDWIDTH=14222718,BANDWIDTH=15074405,VIDEO-RANGE=SDR,CLOSED-CAPTIONS=NONE,CODECS="hvc1.2.20000000.H150.B0",FRAME-RATE=30.000,RESOLUTION=1662x2216,STABLE-VARIANT-ID="ce7a6afb9d6ba080ec2b7d047ecc54fdaea6a1d089f9f564aa892e6f29841407"
presto-engine presto-diag m3u8 #EXT-X-STREAM-INF:AVERAGE-BANDWIDTH=8967465,_AVG-BANDWIDTH=8967465,BANDWIDTH=11279213,VIDEO-RANGE=SDR,CLOSED-CAPTIONS=NONE,CODECS="hvc1.2.20000000.H150.B0",FRAME-RATE=30.000,RESOLUTION=2048x2732,STABLE-VARIANT-ID="02f772582bbd5db4b81d7b78719e31067829b638bf954bc490bc7ee58c6e2f53"
presto-engine presto-diag m3u8 #EXT-X-STREAM-INF:AVERAGE-BANDWIDTH=14336636,_AVG-BANDWIDTH=14336636,BANDWIDTH=15690619,VIDEO-RANGE=SDR,CLOSED-CAPTIONS=NONE,CODECS="hvc1.2.20000000.H150.B0",FRAME-RATE=30.000,RESOLUTION=2048x2732,STABLE-VARIANT-ID="151c8e6b429683e79b0744d2aac7e0a13e00c7e4d7bb54ab25b5c22148ed8422"
presto-engine presto-diag m3u8 #EXT-X-STREAM-INF:AVERAGE-BANDWIDTH=24816469,_AVG-BANDWIDTH=24816469,BANDWIDTH=27176697,VIDEO-RANGE=SDR,CLOSED-CAPTIONS=NONE,CODECS="hvc1.2.20000000.H150.B0",FRAME-RATE=30.000,RESOLUTION=2048x2732,STABLE-VARIANT-ID="c7cc0d6957f704b8ab5872b854588d4022736878515f58de183ae9eefb08a001"
presto-engine presto-diag m3u8 #EXT-X-STREAM-INF:AVERAGE-BANDWIDTH=2037440,_AVG-BANDWIDTH=2037440,BANDWIDTH=2282824,VIDEO-RANGE=SDR,CLOSED-CAPTIONS=NONE,CODECS="avc1.64001f",FRAME-RATE=30.000,RESOLUTION=664x886,STABLE-VARIANT-ID="e571e9ee202b9986cc7202c7e626bf1525d762155eab8a3a3de941c2b945cdae"
presto-engine presto-diag m3u8 #EXT-X-STREAM-INF:AVERAGE-BANDWIDTH=1882811,_AVG-BANDWIDTH=1882811,BANDWIDTH=1959083,VIDEO-RANGE=SDR,CLOSED-CAPTIONS=NONE,CODECS="hvc1.2.20000000.L123.B0",FRAME-RATE=30.000,RESOLUTION=664x886,STABLE-VARIANT-ID="a3d902fcc7db3d23b016a8091a17a130ecd55fd7fdbdb6bf59323de7f7b8dd5a"
presto-engine presto-diag m3u8 #EXT-X-STREAM-INF:AVERAGE-BANDWIDTH=266064,_AVG-BANDWIDTH=266064,BANDWIDTH=285164,VIDEO-RANGE=SDR,CLOSED-CAPTIONS=NONE,CODECS="avc1.64001f",FRAME-RATE=30.000,RESOLUTION=310x414,STABLE-VARIANT-ID="d6d81e51c27aad09da23dabb424975d00df6aa91895c1f2334d34cf6fa54fd7a"
presto-engine presto-diag m3u8 #EXT-X-STREAM-INF:AVERAGE-BANDWIDTH=355639,_AVG-BANDWIDTH=355639,BANDWIDTH=382751,VIDEO-RANGE=SDR,CLOSED-CAPTIONS=NONE,CODECS="avc1.64001f",FRAME-RATE=30.000,RESOLUTION=352x470,STABLE-VARIANT-ID="4a12f05e13227840abe79d1befaf9d6db89a66021a347ccf2dcd33f71bbb524f"
presto-engine presto-diag m3u8 #EXT-X-STREAM-INF:AVERAGE-BANDWIDTH=500547,_AVG-BANDWIDTH=500547,BANDWIDTH=548396,VIDEO-RANGE=SDR,CLOSED-CAPTIONS=NONE,CODECS="avc1.64001f",FRAME-RATE=30.000,RESOLUTION=394x526,STABLE-VARIANT-ID="38a7993efc321fc024b3996d9a1cbdf036eefbb753236b73045f0889f8240910"
presto-engine presto-diag m3u8 #EXT-X-STREAM-INF:AVERAGE-BANDWIDTH=775381,_AVG-BANDWIDTH=775381,BANDWIDTH=848311,VIDEO-RANGE=SDR,CLOSED-CAPTIONS=NONE,CODECS="avc1.64001f",FRAME-RATE=30.000,RESOLUTION=436x582,STABLE-VARIANT-ID="3f9599f6bdb47449b3b00b5177b90c074d55f90ebc18f0de74b8f0234d7ff957"
presto-engine presto-diag m3u8 #EXT-X-STREAM-INF:AVERAGE-BANDWIDTH=1130797,_AVG-BANDWIDTH=1130797,BANDWIDTH=1205949,VIDEO-RANGE=SDR,CLOSED-CAPTIONS=NONE,CODECS="avc1.64001f",FRAME-RATE=30.000,RESOLUTION=486x648,STABLE-VARIANT-ID="1e91fc0028b1e8bb01d0d3b37da651ee2f02a88a184ca3a51fbbfc929d32268f"
presto-engine presto-diag m3u8 #EXT-X-STREAM-INF:AVERAGE-BANDWIDTH=1537340,_AVG-BANDWIDTH=1537340,BANDWIDTH=1657085,VIDEO-RANGE=SDR,CLOSED-CAPTIONS=NONE,CODECS="avc1.64001f",FRAME-RATE=30.000,RESOLUTION=486x648,STABLE-VARIANT-ID="9f31c9116ebc7fa52084836d5e5c02f65a1312d51e23f2851f16ef1fe52f9f2b"
presto-engine presto-diag m3u8 #EXT-X-STREAM-INF:AVERAGE-BANDWIDTH=2875709,_AVG-BANDWIDTH=2875709,BANDWIDTH=3154991,VIDEO-RANGE=SDR,CLOSED-CAPTIONS=NONE,CODECS="avc1.640020",FRAME-RATE=30.000,RESOLUTION=830x1106,STABLE-VARIANT-ID="d4cb147113e487e0ac4e1f0e9d839c4adafce523a32830764bd3867bb1f3b246"
presto-engine presto-diag m3u8 #EXT-X-STREAM-INF:AVERAGE-BANDWIDTH=3928477,_AVG-BANDWIDTH=3928477,BANDWIDTH=4328264,VIDEO-RANGE=SDR,CLOSED-CAPTIONS=NONE,CODECS="avc1.640020",FRAME-RATE=30.000,RESOLUTION=830x1108,STABLE-VARIANT-ID="e6b9905b663f60cb8c99a782ffd88cd85aff7f7f56d771e32e54a2bdd47a909e"
presto-engine presto-diag m3u8 #EXT-X-STREAM-INF:AVERAGE-BANDWIDTH=3880417,_AVG-BANDWIDTH=3880417,BANDWIDTH=4159310,VIDEO-RANGE=SDR,CLOSED-CAPTIONS=NONE,CODECS="avc1.640028",FRAME-RATE=30.000,RESOLUTION=1078x1438,STABLE-VARIANT-ID="9e4530742c56361b0d8d4e56fe8a0dba2ac814bfcdf5fb3312682bc778f9fff4"
presto-engine presto-diag m3u8 #EXT-X-STREAM-INF:AVERAGE-BANDWIDTH=5233862,_AVG-BANDWIDTH=5233862,BANDWIDTH=5602340,VIDEO-RANGE=SDR,CLOSED-CAPTIONS=NONE,CODECS="avc1.640028",FRAME-RATE=30.000,RESOLUTION=1078x1438,STABLE-VARIANT-ID="36f8457ea36509bdc49e0567ab0819db1eb7fc588df2bf7105d07c531d76ca40"
presto-engine presto-diag m3u8 #EXT-X-STREAM-INF:AVERAGE-BANDWIDTH=6734626,_AVG-BANDWIDTH=6734626,BANDWIDTH=7511596,VIDEO-RANGE=SDR,CLOSED-CAPTIONS=NONE,CODECS="avc1.640028",FRAME-RATE=30.000,RESOLUTION=1078x1438,STABLE-VARIANT-ID="9b3bc0b34f22f01d09a18194c75b694e3bcded9af54e062441d086cbf5f72803"
presto-engine presto-diag m3u8 #EXT-X-STREAM-INF:AVERAGE-BANDWIDTH=9834255,_AVG-BANDWIDTH=9834255,BANDWIDTH=11222537,VIDEO-RANGE=SDR,CLOSED-CAPTIONS=NONE,CODECS="avc1.640028",FRAME-RATE=30.000,RESOLUTION=1080x1440,STABLE-VARIANT-ID="041fe7241b90e963f6f06ae14b874b6e1b13c70e0b1735983769bcd4015f3ac6"
presto-engine presto-diag m3u8 #EXT-X-STREAM-INF:AVERAGE-BANDWIDTH=309203,_AVG-BANDWIDTH=309203,BANDWIDTH=333418,VIDEO-RANGE=SDR,CLOSED-CAPTIONS=NONE,CODECS="hvc1.2.20000000.L123.B0",FRAME-RATE=30.000,RESOLUTION=310x414,STABLE-VARIANT-ID="c0490e2f1aaaf1be50315524b94d80e4597990b32a5b9aa90466e64cfca56d7b"
presto-engine presto-diag m3u8 #EXT-X-STREAM-INF:AVERAGE-BANDWIDTH=495280,_AVG-BANDWIDTH=495280,BANDWIDTH=501146,VIDEO-RANGE=SDR,CLOSED-CAPTIONS=NONE,CODECS="hvc1.2.20000000.L123.B0",FRAME-RATE=30.000,RESOLUTION=394x526,STABLE-VARIANT-ID="d6acfddd32f8cf9af30fa3204058789b8e059f27443aada00ad5e3758f19a98b"
presto-engine presto-diag m3u8 #EXT-X-STREAM-INF:AVERAGE-BANDWIDTH=719330,_AVG-BANDWIDTH=719330,BANDWIDTH=741240,VIDEO-RANGE=SDR,CLOSED-CAPTIONS=NONE,CODECS="hvc1.2.20000000.L123.B0",FRAME-RATE=30.000,RESOLUTION=436x582,STABLE-VARIANT-ID="cc4aa0fa11037921fbbed46cec32b374fcb051ccff19e2e811b90af0245cc3f4"
presto-engine presto-diag m3u8 #EXT-X-STREAM-INF:AVERAGE-BANDWIDTH=1015490,_AVG-BANDWIDTH=1015490,BANDWIDTH=1110736,VIDEO-RANGE=SDR,CLOSED-CAPTIONS=NONE,CODECS="hvc1.2.20000000.L123.B0",FRAME-RATE=30.000,RESOLUTION=486x648,STABLE-VARIANT-ID="3670456cbd205a6d753168b7864e542d6179db92f37dc5f433916f27732160c1"
presto-engine presto-diag m3u8 #EXT-X-STREAM-INF:AVERAGE-BANDWIDTH=1318927,_AVG-BANDWIDTH=1318927,BANDWIDTH=1440914,VIDEO-RANGE=SDR,CLOSED-CAPTIONS=NONE,CODECS="hvc1.2.20000000.L123.B0",FRAME-RATE=30.000,RESOLUTION=486x648,STABLE-VARIANT-ID="f05feb41e78889990217fa711db2093097d12bd789b4499dbf328b4f5f5ae1d5"
presto-engine presto-diag m3u8 #EXT-X-STREAM-INF:AVERAGE-BANDWIDTH=2575601,_AVG-BANDWIDTH=2575601,BANDWIDTH=2575601,VIDEO-RANGE=SDR,CLOSED-CAPTIONS=NONE,CODECS="hvc1.2.20000000.L123.B0",FRAME-RATE=30.000,RESOLUTION=830x1106,STABLE-VARIANT-ID="ace59158888b873c78da1c0b3ea73d8d16cf8b8649faac4c8f22bbc4664257f6"
presto-engine presto-diag m3u8 #EXT-X-STREAM-INF:AVERAGE-BANDWIDTH=3303589,_AVG-BANDWIDTH=3303589,BANDWIDTH=3348434,VIDEO-RANGE=SDR,CLOSED-CAPTIONS=NONE,CODECS="hvc1.2.20000000.L123.B0",FRAME-RATE=30.000,RESOLUTION=830x1108,STABLE-VARIANT-ID="6cd01eed8259fe2c2e3ac0e3914614486f3a3a8a1b5d7bda6974726ca94cf760"
presto-engine presto-diag m3u8 #EXT-X-STREAM-INF:AVERAGE-BANDWIDTH=3071958,_AVG-BANDWIDTH=3071958,BANDWIDTH=3462020,VIDEO-RANGE=SDR,CLOSED-CAPTIONS=NONE,CODECS="hvc1.2.20000000.L123.B0",FRAME-RATE=30.000,RESOLUTION=1078x1438,STABLE-VARIANT-ID="f1d7850cc816da89d2bb3c1da8cd9dd9e0cf8105895c02b4c2f057e3eb591c33"
presto-engine presto-diag m3u8 #EXT-X-STREAM-INF:AVERAGE-BANDWIDTH=4213171,_AVG-BANDWIDTH=4213171,BANDWIDTH=4989702,VIDEO-RANGE=SDR,CLOSED-CAPTIONS=NONE,CODECS="hvc1.2.20000000.L123.B0",FRAME-RATE=30.000,RESOLUTION=1078x1438,STABLE-VARIANT-ID="e1c238aa27a796116df8cba4b00170754854616d6f5e42eacd06d3a28e861e68"
presto-engine presto-diag m3u8 #EXT-X-STREAM-INF:AVERAGE-BANDWIDTH=5513820,_AVG-BANDWIDTH=5513820,BANDWIDTH=7158455,VIDEO-RANGE=SDR,CLOSED-CAPTIONS=NONE,CODECS="hvc1.2.20000000.L123.B0",FRAME-RATE=30.000,RESOLUTION=1078x1438,STABLE-VARIANT-ID="1aafebf222ad26b07670be6799653269fddccf2e284062d8fa5abfc426392334"
presto-engine presto-diag m3u8 #EXT-X-STREAM-INF:AVERAGE-BANDWIDTH=7799011,_AVG-BANDWIDTH=7799011,BANDWIDTH=9856659,VIDEO-RANGE=SDR,CLOSED-CAPTIONS=NONE,CODECS="hvc1.2.20000000.L123.B0",FRAME-RATE=30.000,RESOLUTION=1080x1440,STABLE-VARIANT-ID="1c542f5521d2d1e0d61ff9a1c6cf2a44bd0169edc897497e953149551a2780d1"
presto-engine presto-diag m3u8 #EXT-X-STREAM-INF:AVERAGE-BANDWIDTH=13479998,_AVG-BANDWIDTH=13479998,BANDWIDTH=17209673,VIDEO-RANGE=SDR,CLOSED-CAPTIONS=NONE,CODECS="hvc1.2.20000000.H150.B0",FRAME-RATE=30.000,RESOLUTION=1662x2216,STABLE-VARIANT-ID="8dd28c002039a6765294b4f3ae5125388e4468e19b662b8ee5b8e199a110bc49"
presto-engine presto-diag m3u8 #EXT-X-STREAM-INF:AVERAGE-BANDWIDTH=10399851,_AVG-BANDWIDTH=10399851,BANDWIDTH=13595135,VIDEO-RANGE=SDR,CLOSED-CAPTIONS=NONE,CODECS="hvc1.2.20000000.H150.B0",FRAME-RATE=30.000,RESOLUTION=2048x2732,STABLE-VARIANT-ID="e0cc418db7003adacc2bb0fbb315d526ca8f2cf6db8f9c8557a2f93647435803"
presto-engine presto-diag m3u8 #EXT-X-STREAM-INF:AVERAGE-BANDWIDTH=13790669,_AVG-BANDWIDTH=13790669,BANDWIDTH=17861339,VIDEO-RANGE=SDR,CLOSED-CAPTIONS=NONE,CODECS="hvc1.2.20000000.H150.B0",FRAME-RATE=30.000,RESOLUTION=2048x2732,STABLE-VARIANT-ID="55b3acebd5d325b816bd66577abd887f011e2abe87bc79ff10acbebd6e99653a"
presto-engine presto-diag m3u8 #EXT-X-STREAM-INF:AVERAGE-BANDWIDTH=21280475,_AVG-BANDWIDTH=21280475,BANDWIDTH=28880791,VIDEO-RANGE=SDR,CLOSED-CAPTIONS=NONE,CODECS="hvc1.2.20000000.H150.B0",FRAME-RATE=30.000,RESOLUTION=2048x2732,STABLE-VARIANT-ID="8e9bd53a2870fa3ba397494c623b2425643e03485f9ebc5cdb2efb7aa56f4d33"
presto-engine presto-diag m3u8 #EXT-X-STREAM-INF:AVERAGE-BANDWIDTH=2255602,_AVG-BANDWIDTH=2255602,BANDWIDTH=2668076,VIDEO-RANGE=SDR,CLOSED-CAPTIONS=NONE,CODECS="avc1.64001f",FRAME-RATE=30.000,RESOLUTION=664x886,STABLE-VARIANT-ID="99aa945d63de24efa907facf03aefd5da410fe8aaaeebbecc0c2e64eb78b6543"
presto-engine presto-diag m3u8 #EXT-X-STREAM-INF:AVERAGE-BANDWIDTH=1864704,_AVG-BANDWIDTH=1864704,BANDWIDTH=2057564,VIDEO-RANGE=SDR,CLOSED-CAPTIONS=NONE,CODECS="hvc1.2.20000000.L123.B0",FRAME-RATE=30.000,RESOLUTION=664x886,STABLE-VARIANT-ID="a0369d3d41418e569cb975ecaed757992a576f94821197f50a0cae9b3208da29"
presto-engine presto-diag m3u8 #EXT-X-STREAM-INF:AVERAGE-BANDWIDTH=261553,_AVG-BANDWIDTH=261553,BANDWIDTH=274786,VIDEO-RANGE=SDR,CLOSED-CAPTIONS=NONE,CODECS="avc1.64001f",FRAME-RATE=30.000,RESOLUTION=310x414,STABLE-VARIANT-ID="317de59abe1f5d45b0ba7b124688f022a4ca7b4110e144ceaadf9d04f91dd8c1"
presto-engine presto-diag m3u8 #EXT-X-STREAM-INF:AVERAGE-BANDWIDTH=356932,_AVG-BANDWIDTH=356932,BANDWIDTH=389468,VIDEO-RANGE=SDR,CLOSED-CAPTIONS=NONE,CODECS="avc1.64001f",FRAME-RATE=30.000,RESOLUTION=352x470,STABLE-VARIANT-ID="2001f673fa1fb8871030d376ec8481b3d818658b4b869489175f268bcd386ac9"
presto-engine presto-diag m3u8 #EXT-X-STREAM-INF:AVERAGE-BANDWIDTH=513885,_AVG-BANDWIDTH=513885,BANDWIDTH=554420,VIDEO-RANGE=SDR,CLOSED-CAPTIONS=NONE,CODECS="avc1.64001f",FRAME-RATE=30.000,RESOLUTION=394x526,STABLE-VARIANT-ID="719e64fc48948dd08c2847cfafbabbe63221308dc8aa7f59cbe23e5186c31970"
presto-engine presto-diag m3u8 #EXT-X-STREAM-INF:AVERAGE-BANDWIDTH=775089,_AVG-BANDWIDTH=775089,BANDWIDTH=869614,VIDEO-RANGE=SDR,CLOSED-CAPTIONS=NONE,CODECS="avc1.64001f",FRAME-RATE=30.000,RESOLUTION=436x582,STABLE-VARIANT-ID="6f72fef05739750721a8b4a498e75bc7f1d3d292870124527a685497b22eade5"
presto-engine presto-diag m3u8 #EXT-X-STREAM-INF:AVERAGE-BANDWIDTH=1138137,_AVG-BANDWIDTH=1138137,BANDWIDTH=1251038,VIDEO-RANGE=SDR,CLOSED-CAPTIONS=NONE,CODECS="avc1.64001f",FRAME-RATE=30.000,RESOLUTION=486x648,STABLE-VARIANT-ID="a517c8fb6b499fee05b382a1b7181654a91f4fc65e0af33af48825f9e229aa76"
presto-engine presto-diag m3u8 #EXT-X-STREAM-INF:AVERAGE-BANDWIDTH=1569286,_AVG-BANDWIDTH=1569286,BANDWIDTH=1749250,VIDEO-RANGE=SDR,CLOSED-CAPTIONS=NONE,CODECS="avc1.64001f",FRAME-RATE=30.000,RESOLUTION=486x648,STABLE-VARIANT-ID="2efd9faaf899e81443dc4878cf4113875fc2585bbaad0ba91ff483b6571aa8fc"
presto-engine presto-diag m3u8 #EXT-X-STREAM-INF:AVERAGE-BANDWIDTH=3051548,_AVG-BANDWIDTH=3051548,BANDWIDTH=3306312,VIDEO-RANGE=SDR,CLOSED-CAPTIONS=NONE,CODECS="avc1.640020",FRAME-RATE=30.000,RESOLUTION=830x1106,STABLE-VARIANT-ID="81dac2f1af876c837a78a80d8db5ff5ba9390eb5a343a8468e867ce41eab1507"
presto-engine presto-diag m3u8 #EXT-X-STREAM-INF:AVERAGE-BANDWIDTH=4084672,_AVG-BANDWIDTH=4084672,BANDWIDTH=4249650,VIDEO-RANGE=SDR,CLOSED-CAPTIONS=NONE,CODECS="avc1.640020",FRAME-RATE=30.000,RESOLUTION=830x1108,STABLE-VARIANT-ID="875137dc5f24bdf6eb5c0be03979f9cf929d7d8920f9e52edefdd65f372aa468"
presto-engine presto-diag m3u8 #EXT-X-STREAM-INF:AVERAGE-BANDWIDTH=3982684,_AVG-BANDWIDTH=3982684,BANDWIDTH=4208674,VIDEO-RANGE=SDR,CLOSED-CAPTIONS=NONE,CODECS="avc1.640028",FRAME-RATE=30.000,RESOLUTION=1078x1438,STABLE-VARIANT-ID="33c56217471c70d9479b089ecf377768fdc84e740de427f793e3b36d5741c673"
presto-engine presto-diag m3u8 #EXT-X-STREAM-INF:AVERAGE-BANDWIDTH=5181655,_AVG-BANDWIDTH=5181655,BANDWIDTH=5479634,VIDEO-RANGE=SDR,CLOSED-CAPTIONS=NONE,CODECS="avc1.640028",FRAME-RATE=30.000,RESOLUTION=1078x1438,STABLE-VARIANT-ID="fcdc3dfed86674d9f864ef6944264fc1501eefa9ec73c5fdd9caf6bd6bc7c02f"
presto-engine presto-diag m3u8 #EXT-X-STREAM-INF:AVERAGE-BANDWIDTH=6776877,_AVG-BANDWIDTH=6776877,BANDWIDTH=7154758,VIDEO-RANGE=SDR,CLOSED-CAPTIONS=NONE,CODECS="avc1.640028",FRAME-RATE=30.000,RESOLUTION=1078x1438,STABLE-VARIANT-ID="06ad5cc86dda5a0278e6c22d097d8b936b3f222a0a9c3001f91939cec44f48c5"
presto-engine presto-diag m3u8 #EXT-X-STREAM-INF:AVERAGE-BANDWIDTH=10059335,_AVG-BANDWIDTH=10059335,BANDWIDTH=11365628,VIDEO-RANGE=SDR,CLOSED-CAPTIONS=NONE,CODECS="avc1.640028",FRAME-RATE=30.000,RESOLUTION=1080x1440,STABLE-VARIANT-ID="25a182af30f0fe80dd806f1e3adf0bacf66d80a1d12851fb67f462d1a4fc8c7b"
presto-engine presto-diag m3u8 #EXT-X-STREAM-INF:AVERAGE-BANDWIDTH=314274,_AVG-BANDWIDTH=314274,BANDWIDTH=345014,VIDEO-RANGE=SDR,CLOSED-CAPTIONS=NONE,CODECS="hvc1.2.20000000.L123.B0",FRAME-RATE=30.000,RESOLUTION=310x414,STABLE-VARIANT-ID="a2b643d2ecbb87548180f3020907c088ccc90dcf83f374430659a108fae15143"
presto-engine presto-diag m3u8 #EXT-X-STREAM-INF:AVERAGE-BANDWIDTH=508281,_AVG-BANDWIDTH=508281,BANDWIDTH=562026,VIDEO-RANGE=SDR,CLOSED-CAPTIONS=NONE,CODECS="hvc1.2.20000000.L123.B0",FRAME-RATE=30.000,RESOLUTION=394x526,STABLE-VARIANT-ID="15b23adef5013cf94075327eacaa1564998be8e2e9d22e0bd9df13408c1f6b60"
presto-engine presto-diag m3u8 #EXT-X-STREAM-INF:AVERAGE-BANDWIDTH=724203,_AVG-BANDWIDTH=724203,BANDWIDTH=835150,VIDEO-RANGE=SDR,CLOSED-CAPTIONS=NONE,CODECS="hvc1.2.20000000.L123.B0",FRAME-RATE=30.000,RESOLUTION=436x582,STABLE-VARIANT-ID="8c435a0cb4476a3bed95e0cf77c1823e4858299082aec4d4dba0f55aa31b634d"
presto-engine presto-diag m3u8 #EXT-X-STREAM-INF:AVERAGE-BANDWIDTH=1049233,_AVG-BANDWIDTH=1049233,BANDWIDTH=1149306,VIDEO-RANGE=SDR,CLOSED-CAPTIONS=NONE,CODECS="hvc1.2.20000000.L123.B0",FRAME-RATE=30.000,RESOLUTION=486x648,STABLE-VARIANT-ID="ebe39e47db9c2689456a0cdf5175873192881f491bed9570ce499d54bb9b8893"
presto-engine presto-diag m3u8 #EXT-X-STREAM-INF:AVERAGE-BANDWIDTH=1388419,_AVG-BANDWIDTH=1388419,BANDWIDTH=1551838,VIDEO-RANGE=SDR,CLOSED-CAPTIONS=NONE,CODECS="hvc1.2.20000000.L123.B0",FRAME-RATE=30.000,RESOLUTION=486x648,STABLE-VARIANT-ID="22bb8e5cbea8eb9f6fbf9daebf65982cdb713ae3ae0bf3fb95705b106e1b2ac3"
presto-engine presto-diag m3u8 #EXT-X-STREAM-INF:AVERAGE-BANDWIDTH=2627143,_AVG-BANDWIDTH=2627143,BANDWIDTH=2874030,VIDEO-RANGE=SDR,CLOSED-CAPTIONS=NONE,CODECS="hvc1.2.20000000.L123.B0",FRAME-RATE=30.000,RESOLUTION=830x1106,STABLE-VARIANT-ID="7a3d2193b192defba5d00a6c149d81f6e7f2acabc932bfcc455c5d72795e9a20"
presto-engine presto-diag m3u8 #EXT-X-STREAM-INF:AVERAGE-BANDWIDTH=3371032,_AVG-BANDWIDTH=3371032,BANDWIDTH=3657716,VIDEO-RANGE=SDR,CLOSED-CAPTIONS=NONE,CODECS="hvc1.2.20000000.L123.B0",FRAME-RATE=30.000,RESOLUTION=830x1108,STABLE-VARIANT-ID="12dda98938cbefe4c48d4287aa3d7e5c14a7eeb6e30040eb8708d83cbdf0e6b4"
presto-engine presto-diag m3u8 #EXT-X-STREAM-INF:AVERAGE-BANDWIDTH=3338095,_AVG-BANDWIDTH=3338095,BANDWIDTH=3575430,VIDEO-RANGE=SDR,CLOSED-CAPTIONS=NONE,CODECS="hvc1.2.20000000.L123.B0",FRAME-RATE=30.000,RESOLUTION=1078x1438,STABLE-VARIANT-ID="ab2ee59e7c3b02d6d71b86783a31accfa51ff1947da39a9901f68d75c001f4a8"
presto-engine presto-diag m3u8 #EXT-X-STREAM-INF:AVERAGE-BANDWIDTH=4744191,_AVG-BANDWIDTH=4744191,BANDWIDTH=5238178,VIDEO-RANGE=SDR,CLOSED-CAPTIONS=NONE,CODECS="hvc1.2.20000000.L123.B0",FRAME-RATE=30.000,RESOLUTION=1078x1438,STABLE-VARIANT-ID="9e3dacce8b614e541ed506a46ffcef0c9842f22d0224156f1b166c8672685fa8"
presto-engine presto-diag m3u8 #EXT-X-STREAM-INF:AVERAGE-BANDWIDTH=6037751,_AVG-BANDWIDTH=6037751,BANDWIDTH=6725570,VIDEO-RANGE=SDR,CLOSED-CAPTIONS=NONE,CODECS="hvc1.2.20000000.L123.B0",FRAME-RATE=30.000,RESOLUTION=1078x1438,STABLE-VARIANT-ID="1d93119d01298df97810a0d059582dd65ec2f65969ee49914e5ecd65afec86f0"
presto-engine presto-diag m3u8 #EXT-X-STREAM-INF:AVERAGE-BANDWIDTH=8212685,_AVG-BANDWIDTH=8212685,BANDWIDTH=9261556,VIDEO-RANGE=SDR,CLOSED-CAPTIONS=NONE,CODECS="hvc1.2.20000000.L123.B0",FRAME-RATE=30.000,RESOLUTION=1080x1440,STABLE-VARIANT-ID="65a39aea89ab24d77bd9928788bea26360ea1aa35f6b38164476fdc00d960fec"
presto-engine presto-diag m3u8 #EXT-X-STREAM-INF:AVERAGE-BANDWIDTH=14294855,_AVG-BANDWIDTH=14294855,BANDWIDTH=16369986,VIDEO-RANGE=SDR,CLOSED-CAPTIONS=NONE,CODECS="hvc1.2.20000000.H150.B0",FRAME-RATE=30.000,RESOLUTION=1662x2216,STABLE-VARIANT-ID="22012ac2bf9914834664e0e0a6064a3149eabda4ccd59ce34de0b1479f8cc107"
presto-engine presto-diag m3u8 #EXT-X-STREAM-INF:AVERAGE-BANDWIDTH=8575227,_AVG-BANDWIDTH=8575227,BANDWIDTH=9269370,VIDEO-RANGE=SDR,CLOSED-CAPTIONS=NONE,CODECS="hvc1.2.20000000.H150.B0",FRAME-RATE=30.000,RESOLUTION=2048x2732,STABLE-VARIANT-ID="27c7151043abf84d582e4a86edea279340bdd560c223270a80d21e530d813ccc"
presto-engine presto-diag m3u8 #EXT-X-STREAM-INF:AVERAGE-BANDWIDTH=15005134,_AVG-BANDWIDTH=15005134,BANDWIDTH=16413098,VIDEO-RANGE=SDR,CLOSED-CAPTIONS=NONE,CODECS="hvc1.2.20000000.H150.B0",FRAME-RATE=30.000,RESOLUTION=2048x2732,STABLE-VARIANT-ID="5348a079bf3c9b4b0229f33e22188768a8d8f4e8b3e2191d18b004beba5dccdb"
presto-engine presto-diag m3u8 #EXT-X-STREAM-INF:AVERAGE-BANDWIDTH=24279234,_AVG-BANDWIDTH=24279234,BANDWIDTH=25741842,VIDEO-RANGE=SDR,CLOSED-CAPTIONS=NONE,CODECS="hvc1.2.20000000.H150.B0",FRAME-RATE=30.000,RESOLUTION=2048x2732,STABLE-VARIANT-ID="302d8cfafea21a57ce4f55a4bae554adeaec0322ba7b5aecf87a1ec52ba81237"
presto-engine presto-diag m3u8 #EXT-X-STREAM-INF:AVERAGE-BANDWIDTH=2118003,_AVG-BANDWIDTH=2118003,BANDWIDTH=2170310,VIDEO-RANGE=SDR,CLOSED-CAPTIONS=NONE,CODECS="avc1.64001f",FRAME-RATE=30.000,RESOLUTION=664x886,STABLE-VARIANT-ID="9575ece640a9f07f2847007d274d555f8f1b0b467b9dd053c95d97ae2e45d84d"
presto-engine presto-diag m3u8 #EXT-X-STREAM-INF:AVERAGE-BANDWIDTH=1810480,_AVG-BANDWIDTH=1810480,BANDWIDTH=1859920,VIDEO-RANGE=SDR,CLOSED-CAPTIONS=NONE,CODECS="hvc1.2.20000000.L123.B0",FRAME-RATE=30.000,RESOLUTION=664x886,STABLE-VARIANT-ID="314d25bc7765d9dbcbb331fcc6d670b6ae04ebcc289ef9a1a461698c6b4ddd7e"
presto-engine presto-diag m3u8 #EXT-X-STREAM-INF:AVERAGE-BANDWIDTH=263522,_AVG-BANDWIDTH=263522,BANDWIDTH=275090,VIDEO-RANGE=SDR,CLOSED-CAPTIONS=NONE,CODECS="avc1.64001f",FRAME-RATE=30.000,RESOLUTION=310x414,STABLE-VARIANT-ID="603cdbdd4a227347c6d0c6e5c76ff693e0bcd98acd8531340e11a38cc7af69df"
presto-engine presto-diag m3u8 #EXT-X-STREAM-INF:AVERAGE-BANDWIDTH=363382,_AVG-BANDWIDTH=363382,BANDWIDTH=363382,VIDEO-RANGE=SDR,CLOSED-CAPTIONS=NONE,CODECS="avc1.64001f",FRAME-RATE=30.000,RESOLUTION=352x470,STABLE-VARIANT-ID="b9d4c73e9737fe7f65b7bcf62ef920b3a4ccc6b93217c7d24a533bfd6f71e302"
presto-engine presto-diag m3u8 #EXT-X-STREAM-INF:AVERAGE-BANDWIDTH=520959,_AVG-BANDWIDTH=520959,BANDWIDTH=523851,VIDEO-RANGE=SDR,CLOSED-CAPTIONS=NONE,CODECS="avc1.64001f",FRAME-RATE=30.000,RESOLUTION=394x526,STABLE-VARIANT-ID="6a7f5a650c3adb782e9507eb5933ac81681cd34fdaed70e7d347229a60441665"
presto-engine presto-diag m3u8 #EXT-X-STREAM-INF:AVERAGE-BANDWIDTH=780602,_AVG-BANDWIDTH=780602,BANDWIDTH=804210,VIDEO-RANGE=SDR,CLOSED-CAPTIONS=NONE,CODECS="avc1.64001f",FRAME-RATE=30.000,RESOLUTION=436x582,STABLE-VARIANT-ID="d4b3ba445233afa994208f7e2347187d536352e47178747d16c866b737c1d66a"
presto-engine presto-diag m3u8 #EXT-X-STREAM-INF:AVERAGE-BANDWIDTH=1153662,_AVG-BANDWIDTH=1153662,BANDWIDTH=1155002,VIDEO-RANGE=SDR,CLOSED-CAPTIONS=NONE,CODECS="avc1.64001f",FRAME-RATE=30.000,RESOLUTION=486x648,STABLE-VARIANT-ID="f6410ac99725dacf31a5191e5d581b9f5d3d5f44456263feb04bdad9261aa555"
presto-engine presto-diag m3u8 #EXT-X-STREAM-INF:AVERAGE-BANDWIDTH=1551804,_AVG-BANDWIDTH=1551804,BANDWIDTH=1552499,VIDEO-RANGE=SDR,CLOSED-CAPTIONS=NONE,CODECS="avc1.64001f",FRAME-RATE=30.000,RESOLUTION=486x648,STABLE-VARIANT-ID="f379e95d44692212bb17415af68918409d2624fc441b972415301b82d22674e9"
presto-engine presto-diag m3u8 #EXT-X-STREAM-INF:AVERAGE-BANDWIDTH=2872064,_AVG-BANDWIDTH=2872064,BANDWIDTH=2910647,VIDEO-RANGE=SDR,CLOSED-CAPTIONS=NONE,CODECS="avc1.640020",FRAME-RATE=30.000,RESOLUTION=830x1106,STABLE-VARIANT-ID="8e143530e7d85c8a5ba37781c1ef8d78b597a30a57a5f42874eaf186926fc533"
presto-engine presto-diag m3u8 #EXT-X-STREAM-INF:AVERAGE-BANDWIDTH=3949600,_AVG-BANDWIDTH=3949600,BANDWIDTH=4038109,VIDEO-RANGE=SDR,CLOSED-CAPTIONS=NONE,CODECS="avc1.640020",FRAME-RATE=30.000,RESOLUTION=830x1108,STABLE-VARIANT-ID="843547654b706571f2357d7f4c09b0d15b3b3104834b93c40c8c7715019ff815"
presto-engine presto-diag m3u8 #EXT-X-STREAM-INF:AVERAGE-BANDWIDTH=3783632,_AVG-BANDWIDTH=3783632,BANDWIDTH=3808423,VIDEO-RANGE=SDR,CLOSED-CAPTIONS=NONE,CODECS="avc1.640028",FRAME-RATE=30.000,RESOLUTION=1078x1438,STABLE-VARIANT-ID="ee5a5fb2163d3f6a1f10f93b4949e96cfb9811e1ea492807cdfff56796f89b79"
presto-engine presto-diag m3u8 #EXT-X-STREAM-INF:AVERAGE-BANDWIDTH=5199781,_AVG-BANDWIDTH=5199781,BANDWIDTH=5267447,VIDEO-RANGE=SDR,CLOSED-CAPTIONS=NONE,CODECS="avc1.640028",FRAME-RATE=30.000,RESOLUTION=1078x1438,STABLE-VARIANT-ID="a70b18fa690205005d2ffc73d23e5d001b4e735185ea1c6c43ed60ee8fb42b88"
presto-engine presto-diag m3u8 #EXT-X-STREAM-INF:AVERAGE-BANDWIDTH=6716330,_AVG-BANDWIDTH=6716330,BANDWIDTH=6891221,VIDEO-RANGE=SDR,CLOSED-CAPTIONS=NONE,CODECS="avc1.640028",FRAME-RATE=30.000,RESOLUTION=1078x1438,STABLE-VARIANT-ID="d5dab81858b62a2ceb6e0ef3fde4dcefedd9c3dd171f55d43dc122c6e7c6cea8"
presto-engine presto-diag m3u8 #EXT-X-STREAM-INF:AVERAGE-BANDWIDTH=9906729,_AVG-BANDWIDTH=9906729,BANDWIDTH=10254021,VIDEO-RANGE=SDR,CLOSED-CAPTIONS=NONE,CODECS="avc1.640028",FRAME-RATE=30.000,RESOLUTION=1080x1440,STABLE-VARIANT-ID="c75af2b3dfb38b9f8222e47b2fe988d3a1bb39ba6edec97d7edee07f2b474024"
presto-engine presto-diag m3u8 #EXT-X-STREAM-INF:AVERAGE-BANDWIDTH=310254,_AVG-BANDWIDTH=310254,BANDWIDTH=316860,VIDEO-RANGE=SDR,CLOSED-CAPTIONS=NONE,CODECS="hvc1.2.20000000.L123.B0",FRAME-RATE=30.000,RESOLUTION=310x414,STABLE-VARIANT-ID="534010d4e2b43e1a00c01cfee1b18db4a35bed10b482d2cb9d004fa7553b65b8"
presto-engine presto-diag m3u8 #EXT-X-STREAM-INF:AVERAGE-BANDWIDTH=508503,_AVG-BANDWIDTH=508503,BANDWIDTH=525402,VIDEO-RANGE=SDR,CLOSED-CAPTIONS=NONE,CODECS="hvc1.2.20000000.L123.B0",FRAME-RATE=30.000,RESOLUTION=394x526,STABLE-VARIANT-ID="317e4300e07f706779c237be7da3f93f62f94209f2dc3dd74eab4006915ca0e3"
presto-engine presto-diag m3u8 #EXT-X-STREAM-INF:AVERAGE-BANDWIDTH=703520,_AVG-BANDWIDTH=703520,BANDWIDTH=710446,VIDEO-RANGE=SDR,CLOSED-CAPTIONS=NONE,CODECS="hvc1.2.20000000.L123.B0",FRAME-RATE=30.000,RESOLUTION=436x582,STABLE-VARIANT-ID="dde6cc55afaa3180c15b048da0b5104bed779bae7bc09b3a5cf2bbe28e4955f7"
presto-engine presto-diag m3u8 #EXT-X-STREAM-INF:AVERAGE-BANDWIDTH=1010213,_AVG-BANDWIDTH=1010213,BANDWIDTH=1012694,VIDEO-RANGE=SDR,CLOSED-CAPTIONS=NONE,CODECS="hvc1.2.20000000.L123.B0",FRAME-RATE=30.000,RESOLUTION=486x648,STABLE-VARIANT-ID="370ea18ea890d860dd23ab5ca8338298c80aba0d4d3ddca0978416f93f102a9a"
presto-engine presto-diag m3u8 #EXT-X-STREAM-INF:AVERAGE-BANDWIDTH=1324209,_AVG-BANDWIDTH=1324209,BANDWIDTH=1354013,VIDEO-RANGE=SDR,CLOSED-CAPTIONS=NONE,CODECS="hvc1.2.20000000.L123.B0",FRAME-RATE=30.000,RESOLUTION=486x648,STABLE-VARIANT-ID="8bb17c26826dc6aa3bb1cd0bd77515815fc1f26061a6ef0f4984c2c26eb5d57a"
presto-engine presto-diag m3u8 #EXT-X-STREAM-INF:AVERAGE-BANDWIDTH=2532259,_AVG-BANDWIDTH=2532259,BANDWIDTH=2543918,VIDEO-RANGE=SDR,CLOSED-CAPTIONS=NONE,CODECS="hvc1.2.20000000.L123.B0",FRAME-RATE=30.000,RESOLUTION=830x1106,STABLE-VARIANT-ID="49bd76882b88f4f69c7d3c46666bb11594edfb3f697ab17438fc8b833dabc4f4"
presto-engine presto-diag m3u8 #EXT-X-STREAM-INF:AVERAGE-BANDWIDTH=3286567,_AVG-BANDWIDTH=3286567,BANDWIDTH=3472265,VIDEO-RANGE=SDR,CLOSED-CAPTIONS=NONE,CODECS="hvc1.2.20000000.L123.B0",FRAME-RATE=30.000,RESOLUTION=830x1108,STABLE-VARIANT-ID="26caf032a40753828c1c18b4e3429a7d2958d7e26bd57ace35dc17ac76972523"
presto-engine presto-diag m3u8 #EXT-X-STREAM-INF:AVERAGE-BANDWIDTH=3223918,_AVG-BANDWIDTH=3223918,BANDWIDTH=3440042,VIDEO-RANGE=SDR,CLOSED-CAPTIONS=NONE,CODECS="hvc1.2.20000000.L123.B0",FRAME-RATE=30.000,RESOLUTION=1078x1438,STABLE-VARIANT-ID="2aa64e79e03081d6553ac4a390cc9ead301ad8f905116753b893552d807e0a08"
presto-engine presto-diag m3u8 #EXT-X-STREAM-INF:AVERAGE-BANDWIDTH=4533179,_AVG-BANDWIDTH=4533179,BANDWIDTH=4820889,VIDEO-RANGE=SDR,CLOSED-CAPTIONS=NONE,CODECS="hvc1.2.20000000.L123.B0",FRAME-RATE=30.000,RESOLUTION=1078x1438,STABLE-VARIANT-ID="9410f338cad1876967e9cdd1d0127388e4f5ce8fdeeb7a8af2e03dd663c011e9"
presto-engine presto-diag m3u8 #EXT-X-STREAM-INF:AVERAGE-BANDWIDTH=5963204,_AVG-BANDWIDTH=5963204,BANDWIDTH=6667715,VIDEO-RANGE=SDR,CLOSED-CAPTIONS=NONE,CODECS="hvc1.2.20000000.L123.B0",FRAME-RATE=30.000,RESOLUTION=1078x1438,STABLE-VARIANT-ID="cd6fd84429c94dc5ba70bddf9f0b82b645bca7e7bfe60c0d068575eb38c81972"
presto-engine presto-diag m3u8 #EXT-X-STREAM-INF:AVERAGE-BANDWIDTH=8248128,_AVG-BANDWIDTH=8248128,BANDWIDTH=9312780,VIDEO-RANGE=SDR,CLOSED-CAPTIONS=NONE,CODECS="hvc1.2.20000000.L123.B0",FRAME-RATE=30.000,RESOLUTION=1080x1440,STABLE-VARIANT-ID="868a2900f1aa37d280b1b0034ce5c6f57635f28b8007b71fd3593069450bd0fa"
presto-engine presto-diag m3u8 #EXT-X-STREAM-INF:AVERAGE-BANDWIDTH=14143615,_AVG-BANDWIDTH=14143615,BANDWIDTH=16503520,VIDEO-RANGE=SDR,CLOSED-CAPTIONS=NONE,CODECS="hvc1.2.20000000.H150.B0",FRAME-RATE=30.000,RESOLUTION=1662x2216,STABLE-VARIANT-ID="43dd29a8363ab28e1bfeea71a5a7eb1d15b2f32dd4f98530267fefa2aa756093"
presto-engine presto-diag m3u8 #EXT-X-STREAM-INF:AVERAGE-BANDWIDTH=8266683,_AVG-BANDWIDTH=8266683,BANDWIDTH=8981363,VIDEO-RANGE=SDR,CLOSED-CAPTIONS=NONE,CODECS="hvc1.2.20000000.H150.B0",FRAME-RATE=30.000,RESOLUTION=2048x2732,STABLE-VARIANT-ID="43af7bc2ffa58bbbf114611a07a9005f7402b7a832163c22671f6caf13981594"
presto-engine presto-diag m3u8 #EXT-X-STREAM-INF:AVERAGE-BANDWIDTH=14380439,_AVG-BANDWIDTH=14380439,BANDWIDTH=16970673,VIDEO-RANGE=SDR,CLOSED-CAPTIONS=NONE,CODECS="hvc1.2.20000000.H150.B0",FRAME-RATE=30.000,RESOLUTION=2048x2732,STABLE-VARIANT-ID="127de8b8ef37627cec9924baaf1ed5329e72e4782f2105a781b3c44ec73f5b37"
presto-engine presto-diag m3u8 #EXT-X-STREAM-INF:AVERAGE-BANDWIDTH=23721591,_AVG-BANDWIDTH=23721591,BANDWIDTH=28526692,VIDEO-RANGE=SDR,CLOSED-CAPTIONS=NONE,CODECS="hvc1.2.20000000.H150.B0",FRAME-RATE=30.000,RESOLUTION=2048x2732,STABLE-VARIANT-ID="798a4247b0f224a493550f2f77a3e2b5ca5ddfee707aefb3321b868368185b93"
presto-engine presto-diag m3u8 #EXT-X-STREAM-INF:AVERAGE-BANDWIDTH=1996979,_AVG-BANDWIDTH=1996979,BANDWIDTH=2009423,VIDEO-RANGE=SDR,CLOSED-CAPTIONS=NONE,CODECS="avc1.64001f",FRAME-RATE=30.000,RESOLUTION=664x886,STABLE-VARIANT-ID="705e4d65119167e84e6aa5153e31d294410413b53d38cd74edf92f540e6db317"
presto-engine presto-diag m3u8 #EXT-X-STREAM-INF:AVERAGE-BANDWIDTH=1353434,_AVG-BANDWIDTH=1353434,BANDWIDTH=1508896,VIDEO-RANGE=SDR,CLOSED-CAPTIONS=NONE,CODECS="hvc1.2.20000000.L123.B0",FRAME-RATE=30.000,RESOLUTION=664x886,STABLE-VARIANT-ID="2c2c646fe8b7ba801d933461f358e7e73c0837415156f321e575d109f961658d"
presto-engine presto-diag m3u8 #EXT-X-STREAM-INF:AVERAGE-BANDWIDTH=253794,_AVG-BANDWIDTH=253794,BANDWIDTH=283432,VIDEO-RANGE=SDR,CLOSED-CAPTIONS=NONE,CODECS="avc1.64001f",FRAME-RATE=30.000,RESOLUTION=310x414,STABLE-VARIANT-ID="9866322b7e36651fdff4612b65b9eef5f4f6e177abeb63277fa2b2949f446043"
presto-engine presto-diag m3u8 #EXT-X-STREAM-INF:AVERAGE-BANDWIDTH=380841,_AVG-BANDWIDTH=380841,BANDWIDTH=415982,VIDEO-RANGE=SDR,CLOSED-CAPTIONS=NONE,CODECS="avc1.64001f",FRAME-RATE=30.000,RESOLUTION=352x470,STABLE-VARIANT-ID="998e737d0d10de578d369b5dce4c5f5c9d8e1d06f64db7d028656ef24b3ee7ac"
presto-engine presto-diag m3u8 #EXT-X-STREAM-INF:AVERAGE-BANDWIDTH=513970,_AVG-BANDWIDTH=513970,BANDWIDTH=547526,VIDEO-RANGE=SDR,CLOSED-CAPTIONS=NONE,CODECS="avc1.64001f",FRAME-RATE=30.000,RESOLUTION=394x526,STABLE-VARIANT-ID="7e1012f47f975e7e28f1e918cbe95d55467787fddd0fe516b0a01f2afad32493"
presto-engine presto-diag m3u8 #EXT-X-STREAM-INF:AVERAGE-BANDWIDTH=772904,_AVG-BANDWIDTH=772904,BANDWIDTH=811396,VIDEO-RANGE=SDR,CLOSED-CAPTIONS=NONE,CODECS="avc1.64001f",FRAME-RATE=30.000,RESOLUTION=436x582,STABLE-VARIANT-ID="cace30c4136838d1f87e83b537620c4c0867050187c5830087fb3b9abd84e146"
presto-engine presto-diag m3u8 #EXT-X-STREAM-INF:AVERAGE-BANDWIDTH=975957,_AVG-BANDWIDTH=975957,BANDWIDTH=983818,VIDEO-RANGE=SDR,CLOSED-CAPTIONS=NONE,CODECS="avc1.64001f",FRAME-RATE=30.000,RESOLUTION=486x648,STABLE-VARIANT-ID="65b03aba7b01afe8b6051d4373903db35a61d58d39eba245eee58726908bb537"
presto-engine presto-diag m3u8 #EXT-X-STREAM-INF:AVERAGE-BANDWIDTH=1350459,_AVG-BANDWIDTH=1350459,BANDWIDTH=1404386,VIDEO-RANGE=SDR,CLOSED-CAPTIONS=NONE,CODECS="avc1.64001f",FRAME-RATE=30.000,RESOLUTION=486x648,STABLE-VARIANT-ID="143e628228e0fba184038a7588ee71d96ddff15addc367a5d2cf9bec261d6307"
presto-engine presto-diag m3u8 #EXT-X-STREAM-INF:AVERAGE-BANDWIDTH=2548105,_AVG-BANDWIDTH=2548105,BANDWIDTH=2774199,VIDEO-RANGE=SDR,CLOSED-CAPTIONS=NONE,CODECS="avc1.640020",FRAME-RATE=30.000,RESOLUTION=830x1106,STABLE-VARIANT-ID="c2323f827d08dd41f1ed6ccd22f3b5bc3b653d972d60f971a723a2fff8b06230"
presto-engine presto-diag m3u8 #EXT-X-STREAM-INF:AVERAGE-BANDWIDTH=3705497,_AVG-BANDWIDTH=3705497,BANDWIDTH=4135588,VIDEO-RANGE=SDR,CLOSED-CAPTIONS=NONE,CODECS="avc1.640020",FRAME-RATE=30.000,RESOLUTION=830x1108,STABLE-VARIANT-ID="118d88d08af5a1863b8d6e232f6706fdf20461e5b89b53d4e9829e9bf4588280"
presto-engine presto-diag m3u8 #EXT-X-STREAM-INF:AVERAGE-BANDWIDTH=3378707,_AVG-BANDWIDTH=3378707,BANDWIDTH=3457676,VIDEO-RANGE=SDR,CLOSED-CAPTIONS=NONE,CODECS="avc1.640028",FRAME-RATE=30.000,RESOLUTION=1078x1438,STABLE-VARIANT-ID="bec69199f1f5242833eaf429912ca70f2aeae472f5a282a4ebcfe7bf0f770a5c"
presto-engine presto-diag m3u8 #EXT-X-STREAM-INF:AVERAGE-BANDWIDTH=4503579,_AVG-BANDWIDTH=4503579,BANDWIDTH=4503579,VIDEO-RANGE=SDR,CLOSED-CAPTIONS=NONE,CODECS="avc1.640028",FRAME-RATE=30.000,RESOLUTION=1078x1438,STABLE-VARIANT-ID="780e67e810a577a8d7b1df95bd4355996876a3f8cd4dd3a8550ded534d1632e5"
presto-engine presto-diag m3u8 #EXT-X-STREAM-INF:AVERAGE-BANDWIDTH=6465529,_AVG-BANDWIDTH=6465529,BANDWIDTH=6492149,VIDEO-RANGE=SDR,CLOSED-CAPTIONS=NONE,CODECS="avc1.640028",FRAME-RATE=30.000,RESOLUTION=1078x1438,STABLE-VARIANT-ID="34a0e283d26a71f74548149a4fca2dc9e4349ac7b08d7eef45e2467ce62bfff7"
presto-engine presto-diag m3u8 #EXT-X-STREAM-INF:AVERAGE-BANDWIDTH=8251129,_AVG-BANDWIDTH=8251129,BANDWIDTH=8412173,VIDEO-RANGE=SDR,CLOSED-CAPTIONS=NONE,CODECS="avc1.640028",FRAME-RATE=30.000,RESOLUTION=1080x1440,STABLE-VARIANT-ID="280e8894dd918cdb4a32c2b589a5d9f96b97eab9edf41b0ca2c505ab1136bdfc"
presto-engine presto-diag m3u8 #EXT-X-STREAM-INF:AVERAGE-BANDWIDTH=247418,_AVG-BANDWIDTH=247418,BANDWIDTH=277702,VIDEO-RANGE=SDR,CLOSED-CAPTIONS=NONE,CODECS="hvc1.2.20000000.L123.B0",FRAME-RATE=30.000,RESOLUTION=310x414,STABLE-VARIANT-ID="df65dfca4400a25283ae873f835cbf610fd706ff937efbcba768f7604cb1797d"
presto-engine presto-diag m3u8 #EXT-X-STREAM-INF:AVERAGE-BANDWIDTH=385936,_AVG-BANDWIDTH=385936,BANDWIDTH=424516,VIDEO-RANGE=SDR,CLOSED-CAPTIONS=NONE,CODECS="hvc1.2.20000000.L123.B0",FRAME-RATE=30.000,RESOLUTION=394x526,STABLE-VARIANT-ID="8cf8b336b09d039f4f60b2316b968bb29750c34a414315cb9b7966e676394e76"
presto-engine presto-diag m3u8 #EXT-X-STREAM-INF:AVERAGE-BANDWIDTH=530209,_AVG-BANDWIDTH=530209,BANDWIDTH=597058,VIDEO-RANGE=SDR,CLOSED-CAPTIONS=NONE,CODECS="hvc1.2.20000000.L123.B0",FRAME-RATE=30.000,RESOLUTION=436x582,STABLE-VARIANT-ID="d291c466066872952d75777fbdc081098d6570adf64bd10c2ed4d8a0d5d03744"
presto-engine presto-diag m3u8 #EXT-X-STREAM-INF:AVERAGE-BANDWIDTH=684838,_AVG-BANDWIDTH=684838,BANDWIDTH=776765,VIDEO-RANGE=SDR,CLOSED-CAPTIONS=NONE,CODECS="hvc1.2.20000000.L123.B0",FRAME-RATE=30.000,RESOLUTION=486x648,STABLE-VARIANT-ID="98cf4b11ad35eb6302ed1d077bb2f8a240f994a84cfef2ea28df2faaa5d1a981"
presto-engine presto-diag m3u8 #EXT-X-STREAM-INF:AVERAGE-BANDWIDTH=762130,_AVG-BANDWIDTH=762130,BANDWIDTH=872752,VIDEO-RANGE=SDR,CLOSED-CAPTIONS=NONE,CODECS="hvc1.2.20000000.L123.B0",FRAME-RATE=30.000,RESOLUTION=486x648,STABLE-VARIANT-ID="bef216f8b63419759903aec0667b47e13901ca55857ae6181fe3091299470373"
presto-engine presto-diag m3u8 #EXT-X-STREAM-INF:AVERAGE-BANDWIDTH=1978643,_AVG-BANDWIDTH=1978643,BANDWIDTH=2173733,VIDEO-RANGE=SDR,CLOSED-CAPTIONS=NONE,CODECS="hvc1.2.20000000.L123.B0",FRAME-RATE=30.000,RESOLUTION=830x1106,STABLE-VARIANT-ID="fc59e2e607e2e0a8f0a257b362df61dd9e25c2a7d19b2bc89cf9b665a71070bd"
presto-engine presto-diag m3u8 #EXT-X-STREAM-INF:AVERAGE-BANDWIDTH=1998165,_AVG-BANDWIDTH=1998165,BANDWIDTH=2210460,VIDEO-RANGE=SDR,CLOSED-CAPTIONS=NONE,CODECS="hvc1.2.20000000.L123.B0",FRAME-RATE=30.000,RESOLUTION=830x1108,STABLE-VARIANT-ID="7c683c9e3cd0e31757bf3533a6786e0954a73aeed919ee99f04d3e447445187d"
presto-engine presto-diag m3u8 #EXT-X-STREAM-INF:AVERAGE-BANDWIDTH=2725306,_AVG-BANDWIDTH=2725306,BANDWIDTH=2879713,VIDEO-RANGE=SDR,CLOSED-CAPTIONS=NONE,CODECS="hvc1.2.20000000.L123.B0",FRAME-RATE=30.000,RESOLUTION=1078x1438,STABLE-VARIANT-ID="ab2a7f0c26e28545ec96769c80ea8439a0bf2110560b40c76edca3988c074b16"
presto-engine presto-diag m3u8 #EXT-X-STREAM-INF:AVERAGE-BANDWIDTH=3257327,_AVG-BANDWIDTH=3257327,BANDWIDTH=3558932,VIDEO-RANGE=SDR,CLOSED-CAPTIONS=NONE,CODECS="hvc1.2.20000000.L123.B0",FRAME-RATE=30.000,RESOLUTION=1078x1438,STABLE-VARIANT-ID="f5f91ddd172787e4054b2cc02660bb19e8172077fa72569f52976e142b6d7435"
presto-engine presto-diag m3u8 #EXT-X-STREAM-INF:AVERAGE-BANDWIDTH=3257327,_AVG-BANDWIDTH=3257327,BANDWIDTH=3558932,VIDEO-RANGE=SDR,CLOSED-CAPTIONS=NONE,CODECS="hvc1.2.20000000.L123.B0",FRAME-RATE=30.000,RESOLUTION=1078x1438,STABLE-VARIANT-ID="81b572ffd2b3a747e18d8cb342bc0a822c563e3a769b98c5ca968ec2fd16b7f7"
presto-engine presto-diag m3u8 #EXT-X-STREAM-INF:AVERAGE-BANDWIDTH=3260307,_AVG-BANDWIDTH=3260307,BANDWIDTH=3555830,VIDEO-RANGE=SDR,CLOSED-CAPTIONS=NONE,CODECS="hvc1.2.20000000.L123.B0",FRAME-RATE=30.000,RESOLUTION=1080x1440,STABLE-VARIANT-ID="4abcb992ac4b4761ff874c0669fdd7a800f988b7c82a4d3c5c2d14f13c6a2642"
presto-engine presto-diag m3u8 #EXT-X-STREAM-INF:AVERAGE-BANDWIDTH=6495678,_AVG-BANDWIDTH=6495678,BANDWIDTH=6880739,VIDEO-RANGE=SDR,CLOSED-CAPTIONS=NONE,CODECS="hvc1.2.20000000.H150.B0",FRAME-RATE=30.000,RESOLUTION=1662x2216,STABLE-VARIANT-ID="12c33b8e1f1bbadc5d2297dc2c93b19fccc405900ea4a35cde03d34e07df03ca"
presto-engine presto-diag m3u8 #EXT-X-STREAM-INF:AVERAGE-BANDWIDTH=7966873,_AVG-BANDWIDTH=7966873,BANDWIDTH=8236729,VIDEO-RANGE=SDR,CLOSED-CAPTIONS=NONE,CODECS="hvc1.2.20000000.H150.B0",FRAME-RATE=30.000,RESOLUTION=2048x2732,STABLE-VARIANT-ID="2c98455b5a8f346247959a17466c812851fb252ab0179d851241ebef3740c1fe"
presto-engine presto-diag m3u8 #EXT-X-STREAM-INF:AVERAGE-BANDWIDTH=10606055,_AVG-BANDWIDTH=10606055,BANDWIDTH=10886479,VIDEO-RANGE=SDR,CLOSED-CAPTIONS=NONE,CODECS="hvc1.2.20000000.H150.B0",FRAME-RATE=30.000,RESOLUTION=2048x2732,STABLE-VARIANT-ID="18d24936e57bb09615202710782a6e129931315588416d7cd2407faed61e2a8e"
presto-engine presto-diag m3u8 #EXT-X-STREAM-INF:AVERAGE-BANDWIDTH=10606055,_AVG-BANDWIDTH=10606055,BANDWIDTH=10886479,VIDEO-RANGE=SDR,CLOSED-CAPTIONS=NONE,CODECS="hvc1.2.20000000.H150.B0",FRAME-RATE=30.000,RESOLUTION=2048x2732,STABLE-VARIANT-ID="0404412e02d4f8658337f1ea27547c4e41a2b6beffe5a1e6cca43d07322c6dc5"
presto-engine presto-diag m3u8 #EXT-X-STREAM-INF:AVERAGE-BANDWIDTH=2222709,_AVG-BANDWIDTH=2222709,BANDWIDTH=2300621,VIDEO-RANGE=SDR,CLOSED-CAPTIONS=NONE,CODECS="avc1.64001f",FRAME-RATE=30.000,RESOLUTION=664x886,STABLE-VARIANT-ID="af9ca22bccb51c7b794db25e5360ce5a7e9f1e98b29c4e1f01dec79066d2bc46"
presto-engine presto-diag m3u8 #EXT-X-STREAM-INF:AVERAGE-BANDWIDTH=1879458,_AVG-BANDWIDTH=1879458,BANDWIDTH=1925244,VIDEO-RANGE=SDR,CLOSED-CAPTIONS=NONE,CODECS="hvc1.2.20000000.L123.B0",FRAME-RATE=30.000,RESOLUTION=664x886,STABLE-VARIANT-ID="380de7161ddcca78e475bde3f65605633957636a5e0b5e57bc6adb79409ef447"
presto-engine presto-diag m3u8 #EXT-X-STREAM-INF:AVERAGE-BANDWIDTH=260629,_AVG-BANDWIDTH=260629,BANDWIDTH=262737,VIDEO-RANGE=SDR,CLOSED-CAPTIONS=NONE,CODECS="avc1.64001f",FRAME-RATE=30.000,RESOLUTION=310x414,STABLE-VARIANT-ID="ab898e016253be7e5b1587ab7b735bfb94589a6ab594e937b35ef5d4033aa051"
presto-engine presto-diag m3u8 #EXT-X-STREAM-INF:AVERAGE-BANDWIDTH=368064,_AVG-BANDWIDTH=368064,BANDWIDTH=374621,VIDEO-RANGE=SDR,CLOSED-CAPTIONS=NONE,CODECS="avc1.64001f",FRAME-RATE=30.000,RESOLUTION=352x470,STABLE-VARIANT-ID="efb266b7af321347bb42fbc133229b70f1fc485c28d31a69584b8dad1c5dda81"
presto-engine presto-diag m3u8 #EXT-X-STREAM-INF:AVERAGE-BANDWIDTH=515348,_AVG-BANDWIDTH=515348,BANDWIDTH=522610,VIDEO-RANGE=SDR,CLOSED-CAPTIONS=NONE,CODECS="avc1.64001f",FRAME-RATE=30.000,RESOLUTION=394x526,STABLE-VARIANT-ID="6248001e7f7d35221d9b309ffd769ba7549541243734552887e2d85177e124ee"
presto-engine presto-diag m3u8 #EXT-X-STREAM-INF:AVERAGE-BANDWIDTH=763511,_AVG-BANDWIDTH=763511,BANDWIDTH=789673,VIDEO-RANGE=SDR,CLOSED-CAPTIONS=NONE,CODECS="avc1.64001f",FRAME-RATE=30.000,RESOLUTION=436x582,STABLE-VARIANT-ID="df2db684bf95eed911609bcc82b1c90ab038ee2a00440af4926419dcefbf08b3"
presto-engine presto-diag m3u8 #EXT-X-STREAM-INF:AVERAGE-BANDWIDTH=1147792,_AVG-BANDWIDTH=1147792,BANDWIDTH=1181059,VIDEO-RANGE=SDR,CLOSED-CAPTIONS=NONE,CODECS="avc1.64001f",FRAME-RATE=30.000,RESOLUTION=486x648,STABLE-VARIANT-ID="e1465ea4d5f967aa6649b6be94a29baab71cdda1fac56a6a3fbbb2a08a2c1cc4"
presto-engine presto-diag m3u8 #EXT-X-STREAM-INF:AVERAGE-BANDWIDTH=1533809,_AVG-BANDWIDTH=1533809,BANDWIDTH=1623334,VIDEO-RANGE=SDR,CLOSED-CAPTIONS=NONE,CODECS="avc1.64001f",FRAME-RATE=30.000,RESOLUTION=486x648,STABLE-VARIANT-ID="1e08b9e3629634c66e7fd398320dbc688b9bbfa80b339891a6072dd06385cba0"
presto-engine presto-diag m3u8 #EXT-X-STREAM-INF:AVERAGE-BANDWIDTH=2918368,_AVG-BANDWIDTH=2918368,BANDWIDTH=2922270,VIDEO-RANGE=SDR,CLOSED-CAPTIONS=NONE,CODECS="avc1.640020",FRAME-RATE=30.000,RESOLUTION=830x1106,STABLE-VARIANT-ID="593e0e6d3fe167dfafe64b3903f5a5a880177c3de58a704903fa83292e1d9b71"
presto-engine presto-diag m3u8 #EXT-X-STREAM-INF:AVERAGE-BANDWIDTH=3914067,_AVG-BANDWIDTH=3914067,BANDWIDTH=4068020,VIDEO-RANGE=SDR,CLOSED-CAPTIONS=NONE,CODECS="avc1.640020",FRAME-RATE=30.000,RESOLUTION=830x1108,STABLE-VARIANT-ID="f81590a60c1ad61f1131bb86bb4d29ffd40c0448836f1f82247b8c6a5aaa7210"
presto-engine presto-diag m3u8 #EXT-X-STREAM-INF:AVERAGE-BANDWIDTH=3938285,_AVG-BANDWIDTH=3938285,BANDWIDTH=3958141,VIDEO-RANGE=SDR,CLOSED-CAPTIONS=NONE,CODECS="avc1.640028",FRAME-RATE=30.000,RESOLUTION=1078x1438,STABLE-VARIANT-ID="f621813fc13782e426243e92929e253d1dc32dcbdd9343ddadae9b7beba30b41"
presto-engine presto-diag m3u8 #EXT-X-STREAM-INF:AVERAGE-BANDWIDTH=5164705,_AVG-BANDWIDTH=5164705,BANDWIDTH=5185259,VIDEO-RANGE=SDR,CLOSED-CAPTIONS=NONE,CODECS="avc1.640028",FRAME-RATE=30.000,RESOLUTION=1078x1438,STABLE-VARIANT-ID="863ad82490c7f5c1dd95ed7805dbb01e7e4e82e0f334b9c43cf70d28d3b762d7"
presto-engine presto-diag m3u8 #EXT-X-STREAM-INF:AVERAGE-BANDWIDTH=6752030,_AVG-BANDWIDTH=6752030,BANDWIDTH=6760972,VIDEO-RANGE=SDR,CLOSED-CAPTIONS=NONE,CODECS="avc1.640028",FRAME-RATE=30.000,RESOLUTION=1078x1438,STABLE-VARIANT-ID="27ed077d14869aae6b829d8b0e4fe1051c9afc28e6df5256c5d775ce93c3fc3d"
presto-engine presto-diag m3u8 #EXT-X-STREAM-INF:AVERAGE-BANDWIDTH=10079422,_AVG-BANDWIDTH=10079422,BANDWIDTH=10248607,VIDEO-RANGE=SDR,CLOSED-CAPTIONS=NONE,CODECS="avc1.640028",FRAME-RATE=30.000,RESOLUTION=1080x1440,STABLE-VARIANT-ID="0f242d97aef4777605630690fdd454d2bbdd749bfecbf248b1d8ce5e53b5d509"
presto-engine presto-diag m3u8 #EXT-X-STREAM-INF:AVERAGE-BANDWIDTH=311808,_AVG-BANDWIDTH=311808,BANDWIDTH=314805,VIDEO-RANGE=SDR,CLOSED-CAPTIONS=NONE,CODECS="hvc1.2.20000000.L123.B0",FRAME-RATE=30.000,RESOLUTION=310x414,STABLE-VARIANT-ID="c1ec58684072caee1a8e8618487e0ace5539efbb379bc5de64e705862bc2dd44"
presto-engine presto-diag m3u8 #EXT-X-STREAM-INF:AVERAGE-BANDWIDTH=506324,_AVG-BANDWIDTH=506324,BANDWIDTH=520805,VIDEO-RANGE=SDR,CLOSED-CAPTIONS=NONE,CODECS="hvc1.2.20000000.L123.B0",FRAME-RATE=30.000,RESOLUTION=394x526,STABLE-VARIANT-ID="65832281b33f8629018d25293d172ca3570c9d973f86de51c8dd0862e017bfd8"
presto-engine presto-diag m3u8 #EXT-X-STREAM-INF:AVERAGE-BANDWIDTH=718473,_AVG-BANDWIDTH=718473,BANDWIDTH=734000,VIDEO-RANGE=SDR,CLOSED-CAPTIONS=NONE,CODECS="hvc1.2.20000000.L123.B0",FRAME-RATE=30.000,RESOLUTION=436x582,STABLE-VARIANT-ID="72f9dfc26863196cd9376eefc85f425f1547385103f423b01f6568428562740e"
presto-engine presto-diag m3u8 #EXT-X-STREAM-INF:AVERAGE-BANDWIDTH=1038335,_AVG-BANDWIDTH=1038335,BANDWIDTH=1073143,VIDEO-RANGE=SDR,CLOSED-CAPTIONS=NONE,CODECS="hvc1.2.20000000.L123.B0",FRAME-RATE=30.000,RESOLUTION=486x648,STABLE-VARIANT-ID="caed3487b35a40433c5b0058e852e92cccb30c6ce7531bceac6997f2f0fabcf2"
presto-engine presto-diag m3u8 #EXT-X-STREAM-INF:AVERAGE-BANDWIDTH=1347306,_AVG-BANDWIDTH=1347306,BANDWIDTH=1398117,VIDEO-RANGE=SDR,CLOSED-CAPTIONS=NONE,CODECS="hvc1.2.20000000.L123.B0",FRAME-RATE=30.000,RESOLUTION=486x648,STABLE-VARIANT-ID="62a7caf06a835961fa79d78e5f075fc997b844e801ea8f5ea22cdb9bbb6da94b"
presto-engine presto-diag m3u8 #EXT-X-STREAM-INF:AVERAGE-BANDWIDTH=2581450,_AVG-BANDWIDTH=2581450,BANDWIDTH=2617624,VIDEO-RANGE=SDR,CLOSED-CAPTIONS=NONE,CODECS="hvc1.2.20000000.L123.B0",FRAME-RATE=30.000,RESOLUTION=830x1106,STABLE-VARIANT-ID="fd8494c6cd625b209a7f171a10984b590b62cd1301ee78085696d829ce15e359"
presto-engine presto-diag m3u8 #EXT-X-STREAM-INF:AVERAGE-BANDWIDTH=3334666,_AVG-BANDWIDTH=3334666,BANDWIDTH=3378097,VIDEO-RANGE=SDR,CLOSED-CAPTIONS=NONE,CODECS="hvc1.2.20000000.L123.B0",FRAME-RATE=30.000,RESOLUTION=830x1108,STABLE-VARIANT-ID="b4644160aaac700e2890358a1fe0acc5226f9aa5bdaa40a379c9f61d51fb21f7"
presto-engine presto-diag m3u8 #EXT-X-STREAM-INF:AVERAGE-BANDWIDTH=3322617,_AVG-BANDWIDTH=3322617,BANDWIDTH=3322617,VIDEO-RANGE=SDR,CLOSED-CAPTIONS=NONE,CODECS="hvc1.2.20000000.L123.B0",FRAME-RATE=30.000,RESOLUTION=1078x1438,STABLE-VARIANT-ID="40264aea3162bed4624d3fe3e278bdbf8de45dd66fb91f98fa0084e85ef3dbbf"
presto-engine presto-diag m3u8 #EXT-X-STREAM-INF:AVERAGE-BANDWIDTH=4646980,_AVG-BANDWIDTH=4646980,BANDWIDTH=4646980,VIDEO-RANGE=SDR,CLOSED-CAPTIONS=NONE,CODECS="hvc1.2.20000000.L123.B0",FRAME-RATE=30.000,RESOLUTION=1078x1438,STABLE-VARIANT-ID="663f453ba5fe68fa0cb01ab22b2deb17c62801745b7f26b737b61791ca5939b6"
presto-engine presto-diag m3u8 #EXT-X-STREAM-INF:AVERAGE-BANDWIDTH=5882007,_AVG-BANDWIDTH=5882007,BANDWIDTH=5882007,VIDEO-RANGE=SDR,CLOSED-CAPTIONS=NONE,CODECS="hvc1.2.20000000.L123.B0",FRAME-RATE=30.000,RESOLUTION=1078x1438,STABLE-VARIANT-ID="24dfed3433f824e7476d93eb16cc216cd58081cd68529094cc197af9c22cdbfe"
presto-engine presto-diag m3u8 #EXT-X-STREAM-INF:AVERAGE-BANDWIDTH=8468347,_AVG-BANDWIDTH=8468347,BANDWIDTH=8699366,VIDEO-RANGE=SDR,CLOSED-CAPTIONS=NONE,CODECS="hvc1.2.20000000.L123.B0",FRAME-RATE=30.000,RESOLUTION=1080x1440,STABLE-VARIANT-ID="e58df50649a0d54e215583bcbfc56642edc15371ac291b9c7efe0ae4bcf5a283"
presto-engine presto-diag m3u8 #EXT-X-STREAM-INF:AVERAGE-BANDWIDTH=14514423,_AVG-BANDWIDTH=14514423,BANDWIDTH=14637412,VIDEO-RANGE=SDR,CLOSED-CAPTIONS=NONE,CODECS="hvc1.2.20000000.H150.B0",FRAME-RATE=30.000,RESOLUTION=1662x2216,STABLE-VARIANT-ID="07fc652c513d89408faeb2814abc750381f9fc00b0ab03555ad244245551dabb"
presto-engine presto-diag m3u8 #EXT-X-STREAM-INF:AVERAGE-BANDWIDTH=8163521,_AVG-BANDWIDTH=8163521,BANDWIDTH=10383515,VIDEO-RANGE=SDR,CLOSED-CAPTIONS=NONE,CODECS="hvc1.2.20000000.H150.B0",FRAME-RATE=30.000,RESOLUTION=2048x2732,STABLE-VARIANT-ID="3fc39c6191e3b6168dc4cfe0f762ac9143471a3213f2305d62421685c4a237e0"
presto-engine presto-diag m3u8 #EXT-X-STREAM-INF:AVERAGE-BANDWIDTH=14562208,_AVG-BANDWIDTH=14562208,BANDWIDTH=14562208,VIDEO-RANGE=SDR,CLOSED-CAPTIONS=NONE,CODECS="hvc1.2.20000000.H150.B0",FRAME-RATE=30.000,RESOLUTION=2048x2732,STABLE-VARIANT-ID="4aa52c6946dd879e921aaf9c44301ac4475425e98100004c61764a1a57f89a01"
presto-engine presto-diag m3u8 #EXT-X-STREAM-INF:AVERAGE-BANDWIDTH=25019920,_AVG-BANDWIDTH=25019920,BANDWIDTH=25317839,VIDEO-RANGE=SDR,CLOSED-CAPTIONS=NONE,CODECS="hvc1.2.20000000.H150.B0",FRAME-RATE=30.000,RESOLUTION=2048x2732,STABLE-VARIANT-ID="7631d7eafeb2a3b3853d7a484ce58892717ec10a737a265dd3d14d6e1788bacd"
presto-engine presto-diag m3u8 #EXT-X-STREAM-INF:AVERAGE-BANDWIDTH=2129590,_AVG-BANDWIDTH=2129590,BANDWIDTH=2309989,VIDEO-RANGE=SDR,CLOSED-CAPTIONS=NONE,CODECS="avc1.64001f",FRAME-RATE=25.000,RESOLUTION=664x886,STABLE-VARIANT-ID="fa973414521d3c5be8862971831b0f642bb4e6b00d7df6b2f5dc8351a82eec7a"
presto-engine presto-diag m3u8 #EXT-X-STREAM-INF:AVERAGE-BANDWIDTH=1526166,_AVG-BANDWIDTH=1526166,BANDWIDTH=1746906,VIDEO-RANGE=SDR,CLOSED-CAPTIONS=NONE,CODECS="hvc1.2.20000000.L123.B0",FRAME-RATE=25.000,RESOLUTION=664x886,STABLE-VARIANT-ID="3b9b3a084b2a542e68352d9618b1808f7e35874877702877e32b48c14ef45644"
presto-engine presto-diag m3u8 #EXT-X-STREAM-INF:AVERAGE-BANDWIDTH=249651,_AVG-BANDWIDTH=249651,BANDWIDTH=249651,VIDEO-RANGE=SDR,CLOSED-CAPTIONS=NONE,CODECS="avc1.64001f",FRAME-RATE=25.000,RESOLUTION=310x414,STABLE-VARIANT-ID="9735879775f6b7c755641e981d754c65999388104633022848f22e55cf65bcbb"
presto-engine presto-diag m3u8 #EXT-X-STREAM-INF:AVERAGE-BANDWIDTH=352052,_AVG-BANDWIDTH=352052,BANDWIDTH=376034,VIDEO-RANGE=SDR,CLOSED-CAPTIONS=NONE,CODECS="avc1.64001f",FRAME-RATE=25.000,RESOLUTION=352x470,STABLE-VARIANT-ID="410740d27919f321d959738783a61940bb7a851aec18c7566622118d5ad3cfd5"
presto-engine presto-diag m3u8 #EXT-X-STREAM-INF:AVERAGE-BANDWIDTH=494368,_AVG-BANDWIDTH=494368,BANDWIDTH=519380,VIDEO-RANGE=SDR,CLOSED-CAPTIONS=NONE,CODECS="avc1.64001f",FRAME-RATE=25.000,RESOLUTION=394x526,STABLE-VARIANT-ID="75dd653a67f4f8e32ef314fb611046988127567436d6f2e30d8d9e99730eac3f"
presto-engine presto-diag m3u8 #EXT-X-STREAM-INF:AVERAGE-BANDWIDTH=753270,_AVG-BANDWIDTH=753270,BANDWIDTH=780955,VIDEO-RANGE=SDR,CLOSED-CAPTIONS=NONE,CODECS="avc1.64001f",FRAME-RATE=25.000,RESOLUTION=436x582,STABLE-VARIANT-ID="806c68efa88f7f21444ef3d69d90ff60f55436f5d54fa263ed5e34b714c01b49"
presto-engine presto-diag m3u8 #EXT-X-STREAM-INF:AVERAGE-BANDWIDTH=1120971,_AVG-BANDWIDTH=1120971,BANDWIDTH=1207369,VIDEO-RANGE=SDR,CLOSED-CAPTIONS=NONE,CODECS="avc1.64001f",FRAME-RATE=25.000,RESOLUTION=486x648,STABLE-VARIANT-ID="70696b9102c4a230ef48c6510ffa84e416383d6790ef3c6004d1130fc6d41650"
presto-engine presto-diag m3u8 #EXT-X-STREAM-INF:AVERAGE-BANDWIDTH=1510313,_AVG-BANDWIDTH=1510313,BANDWIDTH=1619207,VIDEO-RANGE=SDR,CLOSED-CAPTIONS=NONE,CODECS="avc1.64001f",FRAME-RATE=25.000,RESOLUTION=486x648,STABLE-VARIANT-ID="f99a4babbc08a8d5680aa07a20bf0e17222ca58c7c4018ec9c48d5742e5aec89"
presto-engine presto-diag m3u8 #EXT-X-STREAM-INF:AVERAGE-BANDWIDTH=2848989,_AVG-BANDWIDTH=2848989,BANDWIDTH=3096021,VIDEO-RANGE=SDR,CLOSED-CAPTIONS=NONE,CODECS="avc1.640020",FRAME-RATE=25.000,RESOLUTION=830x1106,STABLE-VARIANT-ID="62445e33d6589057379da506da0e3671b0d8aa60f068efdf6899fc640c4d34fe"
presto-engine presto-diag m3u8 #EXT-X-STREAM-INF:AVERAGE-BANDWIDTH=3889422,_AVG-BANDWIDTH=3889422,BANDWIDTH=4145906,VIDEO-RANGE=SDR,CLOSED-CAPTIONS=NONE,CODECS="avc1.640020",FRAME-RATE=25.000,RESOLUTION=830x1108,STABLE-VARIANT-ID="b3cdfb62d42f870cd87808703522f40994e6454d0c6b2cc3f42b7482349483f8"
presto-engine presto-diag m3u8 #EXT-X-STREAM-INF:AVERAGE-BANDWIDTH=3867299,_AVG-BANDWIDTH=3867299,BANDWIDTH=3998596,VIDEO-RANGE=SDR,CLOSED-CAPTIONS=NONE,CODECS="avc1.640028",FRAME-RATE=25.000,RESOLUTION=1078x1438,STABLE-VARIANT-ID="ef0ea791ad7c7e7e8ecd7184256879c9c83727f8e32af53f0a1e1799466279b7"
presto-engine presto-diag m3u8 #EXT-X-STREAM-INF:AVERAGE-BANDWIDTH=5179229,_AVG-BANDWIDTH=5179229,BANDWIDTH=5456205,VIDEO-RANGE=SDR,CLOSED-CAPTIONS=NONE,CODECS="avc1.640028",FRAME-RATE=25.000,RESOLUTION=1078x1438,STABLE-VARIANT-ID="8289ecdf5aa1bfe3d6e947bcb5d170ceaddb2ff671e69384acdec25546e0bba5"
presto-engine presto-diag m3u8 #EXT-X-STREAM-INF:AVERAGE-BANDWIDTH=6789977,_AVG-BANDWIDTH=6789977,BANDWIDTH=7038491,VIDEO-RANGE=SDR,CLOSED-CAPTIONS=NONE,CODECS="avc1.640028",FRAME-RATE=25.000,RESOLUTION=1078x1438,STABLE-VARIANT-ID="0dd7d1d66d7f353426d4e47e3ef79f7d35cb16051d515d04ff412a0b87f51ce9"
presto-engine presto-diag m3u8 #EXT-X-STREAM-INF:AVERAGE-BANDWIDTH=9896148,_AVG-BANDWIDTH=9896148,BANDWIDTH=10466220,VIDEO-RANGE=SDR,CLOSED-CAPTIONS=NONE,CODECS="avc1.640028",FRAME-RATE=25.000,RESOLUTION=1080x1440,STABLE-VARIANT-ID="7ecadcaf4d4d416ba114facfd391aec518f06e78d6883e0a633588475432913f"
presto-engine presto-diag m3u8 #EXT-X-STREAM-INF:AVERAGE-BANDWIDTH=253776,_AVG-BANDWIDTH=253776,BANDWIDTH=272824,VIDEO-RANGE=SDR,CLOSED-CAPTIONS=NONE,CODECS="hvc1.2.20000000.L123.B0",FRAME-RATE=25.000,RESOLUTION=310x414,STABLE-VARIANT-ID="2d1aae284515c274bf6fdb0991f2c2adaacd459020c9800ec5c0ae0af9e4aca9"
presto-engine presto-diag m3u8 #EXT-X-STREAM-INF:AVERAGE-BANDWIDTH=393878,_AVG-BANDWIDTH=393878,BANDWIDTH=460542,VIDEO-RANGE=SDR,CLOSED-CAPTIONS=NONE,CODECS="hvc1.2.20000000.L123.B0",FRAME-RATE=25.000,RESOLUTION=394x526,STABLE-VARIANT-ID="754968b2eac03a23208329d902724412f63f00ce88205005bc80004b223979e6"
presto-engine presto-diag m3u8 #EXT-X-STREAM-INF:AVERAGE-BANDWIDTH=589830,_AVG-BANDWIDTH=589830,BANDWIDTH=701653,VIDEO-RANGE=SDR,CLOSED-CAPTIONS=NONE,CODECS="hvc1.2.20000000.L123.B0",FRAME-RATE=25.000,RESOLUTION=436x582,STABLE-VARIANT-ID="c18f99e50a1903734ab912feee2161d8bbcd016feface879b2fdce3e5d79b08c"
presto-engine presto-diag m3u8 #EXT-X-STREAM-INF:AVERAGE-BANDWIDTH=837048,_AVG-BANDWIDTH=837048,BANDWIDTH=946178,VIDEO-RANGE=SDR,CLOSED-CAPTIONS=NONE,CODECS="hvc1.2.20000000.L123.B0",FRAME-RATE=25.000,RESOLUTION=486x648,STABLE-VARIANT-ID="e3be266608c73da0259d5dc28e464d1454874f0fb685c3bf5596bc4494144710"
presto-engine presto-diag m3u8 #EXT-X-STREAM-INF:AVERAGE-BANDWIDTH=1106349,_AVG-BANDWIDTH=1106349,BANDWIDTH=1258834,VIDEO-RANGE=SDR,CLOSED-CAPTIONS=NONE,CODECS="hvc1.2.20000000.L123.B0",FRAME-RATE=25.000,RESOLUTION=486x648,STABLE-VARIANT-ID="84e84f0a2ebe138d08a99216c85116c5deccdf84360d72aa322e4d7bbe97a63f"
presto-engine presto-diag m3u8 #EXT-X-STREAM-INF:AVERAGE-BANDWIDTH=2007983,_AVG-BANDWIDTH=2007983,BANDWIDTH=2463737,VIDEO-RANGE=SDR,CLOSED-CAPTIONS=NONE,CODECS="hvc1.2.20000000.L123.B0",FRAME-RATE=25.000,RESOLUTION=830x1106,STABLE-VARIANT-ID="bf4d8f13a47234b9d0d694f45d8a8b89fcd18f41b2576fc59317b2ce3133a5b6"
presto-engine presto-diag m3u8 #EXT-X-STREAM-INF:AVERAGE-BANDWIDTH=2746364,_AVG-BANDWIDTH=2746364,BANDWIDTH=3043270,VIDEO-RANGE=SDR,CLOSED-CAPTIONS=NONE,CODECS="hvc1.2.20000000.L123.B0",FRAME-RATE=25.000,RESOLUTION=830x1108,STABLE-VARIANT-ID="20536f2ef26886e5eff702fa018a3bf935773f16854835a57bfe83d513580ad2"
presto-engine presto-diag m3u8 #EXT-X-STREAM-INF:AVERAGE-BANDWIDTH=2852296,_AVG-BANDWIDTH=2852296,BANDWIDTH=2852296,VIDEO-RANGE=SDR,CLOSED-CAPTIONS=NONE,CODECS="hvc1.2.20000000.L123.B0",FRAME-RATE=25.000,RESOLUTION=1078x1438,STABLE-VARIANT-ID="09c5cb68dfea4c1034a3ac68861772f344a3d46fc863c97683b14c40b92b9310"
presto-engine presto-diag m3u8 #EXT-X-STREAM-INF:AVERAGE-BANDWIDTH=3837875,_AVG-BANDWIDTH=3837875,BANDWIDTH=4252952,VIDEO-RANGE=SDR,CLOSED-CAPTIONS=NONE,CODECS="hvc1.2.20000000.L123.B0",FRAME-RATE=25.000,RESOLUTION=1078x1438,STABLE-VARIANT-ID="0c2c7b9f120c037b8d679d75814948973f15ca3ba7d8177bf43e8df56c815dcd"
presto-engine presto-diag m3u8 #EXT-X-STREAM-INF:AVERAGE-BANDWIDTH=4992796,_AVG-BANDWIDTH=4992796,BANDWIDTH=5434657,VIDEO-RANGE=SDR,CLOSED-CAPTIONS=NONE,CODECS="hvc1.2.20000000.L123.B0",FRAME-RATE=25.000,RESOLUTION=1078x1438,STABLE-VARIANT-ID="41281f24e89f72f4d44f26ee44e3b84321c9d11da1c1788b4607494b524fa075"
presto-engine presto-diag m3u8 #EXT-X-STREAM-INF:AVERAGE-BANDWIDTH=6931508,_AVG-BANDWIDTH=6931508,BANDWIDTH=7490182,VIDEO-RANGE=SDR,CLOSED-CAPTIONS=NONE,CODECS="hvc1.2.20000000.L123.B0",FRAME-RATE=25.000,RESOLUTION=1080x1440,STABLE-VARIANT-ID="71ab90193eb6e3713f6a8c7de06d5b272a45e70e6bc9bea546f5d14e98ab6536"
presto-engine presto-diag m3u8 #EXT-X-STREAM-INF:AVERAGE-BANDWIDTH=12239978,_AVG-BANDWIDTH=12239978,BANDWIDTH=12268831,VIDEO-RANGE=SDR,CLOSED-CAPTIONS=NONE,CODECS="hvc1.2.20000000.H150.B0",FRAME-RATE=25.000,RESOLUTION=1662x2216,STABLE-VARIANT-ID="599abfad2e719bba33f33e505cc41d4380a038a6efd989a32e4fa737a01836d7"
presto-engine presto-diag m3u8 #EXT-X-STREAM-INF:AVERAGE-BANDWIDTH=6524375,_AVG-BANDWIDTH=6524375,BANDWIDTH=6694805,VIDEO-RANGE=SDR,CLOSED-CAPTIONS=NONE,CODECS="hvc1.2.20000000.H150.B0",FRAME-RATE=25.000,RESOLUTION=2048x2732,STABLE-VARIANT-ID="b98e7a2d9a7a80f44e5c1c5fb03623b1a8932b344804e42939ba3f95a00de125"
presto-engine presto-diag m3u8 #EXT-X-STREAM-INF:AVERAGE-BANDWIDTH=11434876,_AVG-BANDWIDTH=11434876,BANDWIDTH=11582653,VIDEO-RANGE=SDR,CLOSED-CAPTIONS=NONE,CODECS="hvc1.2.20000000.H150.B0",FRAME-RATE=25.000,RESOLUTION=2048x2732,STABLE-VARIANT-ID="a62261c35a9d58f6b46585b50dd41818185257d9d1a1b3b5532d566389ee115f"
presto-engine presto-diag m3u8 #EXT-X-STREAM-INF:AVERAGE-BANDWIDTH=20670115,_AVG-BANDWIDTH=20670115,BANDWIDTH=21423239,VIDEO-RANGE=SDR,CLOSED-CAPTIONS=NONE,CODECS="hvc1.2.20000000.H150.B0",FRAME-RATE=25.000,RESOLUTION=2048x2732,STABLE-VARIANT-ID="60b58cb7acd0dbe7df254c2efd0d22242cfad3660921bc3fc05f0edeed7a4422"
presto-engine presto-diag m3u8 #EXT-X-STREAM-INF:AVERAGE-BANDWIDTH=2127576,_AVG-BANDWIDTH=2127576,BANDWIDTH=2159477,VIDEO-RANGE=SDR,CLOSED-CAPTIONS=NONE,CODECS="avc1.64001f",FRAME-RATE=30.000,RESOLUTION=664x886,STABLE-VARIANT-ID="0c3c366fa5f54e11f5fe7197a43324b1790478196db819f6ab49c38410853f99"
presto-engine presto-diag m3u8 #EXT-X-STREAM-INF:AVERAGE-BANDWIDTH=1837703,_AVG-BANDWIDTH=1837703,BANDWIDTH=1967391,VIDEO-RANGE=SDR,CLOSED-CAPTIONS=NONE,CODECS="hvc1.2.20000000.L123.B0",FRAME-RATE=30.000,RESOLUTION=664x886,STABLE-VARIANT-ID="c127030e576ffcbb8dfb0663a15706323c68a906c63ddc4b880f91fc5b8fc09c"
presto-engine presto-diag m3u8 #EXT-X-STREAM-INF:AVERAGE-BANDWIDTH=260976,_AVG-BANDWIDTH=260976,BANDWIDTH=263096,VIDEO-RANGE=SDR,CLOSED-CAPTIONS=NONE,CODECS="avc1.64001f",FRAME-RATE=30.000,RESOLUTION=310x414,STABLE-VARIANT-ID="d60dc63078cadba4cb291a47b6d2d55d8638b8ae69b2eb18db8a983377663e0a"
presto-engine presto-diag m3u8 #EXT-X-STREAM-INF:AVERAGE-BANDWIDTH=366667,_AVG-BANDWIDTH=366667,BANDWIDTH=366960,VIDEO-RANGE=SDR,CLOSED-CAPTIONS=NONE,CODECS="avc1.64001f",FRAME-RATE=30.000,RESOLUTION=352x470,STABLE-VARIANT-ID="e6355580b0e9eddfcac4d0a29053324ef049b224430e17875bc2383db9e5ed92"
presto-engine presto-diag m3u8 #EXT-X-STREAM-INF:AVERAGE-BANDWIDTH=517438,_AVG-BANDWIDTH=517438,BANDWIDTH=526150,VIDEO-RANGE=SDR,CLOSED-CAPTIONS=NONE,CODECS="avc1.64001f",FRAME-RATE=30.000,RESOLUTION=394x526,STABLE-VARIANT-ID="2b1bb5d60af37bc7e0e6899b592199c6f5265a487c689ffe018cce48ed470bc2"
presto-engine presto-diag m3u8 #EXT-X-STREAM-INF:AVERAGE-BANDWIDTH=773152,_AVG-BANDWIDTH=773152,BANDWIDTH=787172,VIDEO-RANGE=SDR,CLOSED-CAPTIONS=NONE,CODECS="avc1.64001f",FRAME-RATE=30.000,RESOLUTION=436x582,STABLE-VARIANT-ID="21b86a1685a86f2dd1fa34c86955622902c595d9226c7552c6f4353eeee1c03f"
presto-engine presto-diag m3u8 #EXT-X-STREAM-INF:AVERAGE-BANDWIDTH=1137736,_AVG-BANDWIDTH=1137736,BANDWIDTH=1177421,VIDEO-RANGE=SDR,CLOSED-CAPTIONS=NONE,CODECS="avc1.64001f",FRAME-RATE=30.000,RESOLUTION=486x648,STABLE-VARIANT-ID="6f6bfdc07a59814796f03f7b1d39c24b706d0b581535e663e35ec7485419e78d"
presto-engine presto-diag m3u8 #EXT-X-STREAM-INF:AVERAGE-BANDWIDTH=1529928,_AVG-BANDWIDTH=1529928,BANDWIDTH=1580194,VIDEO-RANGE=SDR,CLOSED-CAPTIONS=NONE,CODECS="avc1.64001f",FRAME-RATE=30.000,RESOLUTION=486x648,STABLE-VARIANT-ID="6bba6920a0a9443cab123c25efedc16887f4cae6318524d8206e5ae68e91835f"
presto-engine presto-diag m3u8 #EXT-X-STREAM-INF:AVERAGE-BANDWIDTH=2855462,_AVG-BANDWIDTH=2855462,BANDWIDTH=2927050,VIDEO-RANGE=SDR,CLOSED-CAPTIONS=NONE,CODECS="avc1.640020",FRAME-RATE=30.000,RESOLUTION=830x1106,STABLE-VARIANT-ID="9eeaee536115039d5e1a65922a7c3e2e87c4f5b3dc275167277a0dcb27478952"
presto-engine presto-diag m3u8 #EXT-X-STREAM-INF:AVERAGE-BANDWIDTH=3829628,_AVG-BANDWIDTH=3829628,BANDWIDTH=4010792,VIDEO-RANGE=SDR,CLOSED-CAPTIONS=NONE,CODECS="avc1.640020",FRAME-RATE=30.000,RESOLUTION=830x1108,STABLE-VARIANT-ID="ea1e3add250cc1ff37235f230b12f71a25d8967ff123e933f672e5426242b05b"
presto-engine presto-diag m3u8 #EXT-X-STREAM-INF:AVERAGE-BANDWIDTH=3869812,_AVG-BANDWIDTH=3869812,BANDWIDTH=3997997,VIDEO-RANGE=SDR,CLOSED-CAPTIONS=NONE,CODECS="avc1.640028",FRAME-RATE=30.000,RESOLUTION=1078x1438,STABLE-VARIANT-ID="2bc95bf8feb3e0721c3b11786e9e05b951dece031be3e34f810d3731261aaa8e"
presto-engine presto-diag m3u8 #EXT-X-STREAM-INF:AVERAGE-BANDWIDTH=5067747,_AVG-BANDWIDTH=5067747,BANDWIDTH=5396614,VIDEO-RANGE=SDR,CLOSED-CAPTIONS=NONE,CODECS="avc1.640028",FRAME-RATE=30.000,RESOLUTION=1078x1438,STABLE-VARIANT-ID="fb82e0d069e1083d582b689a28b4168673f50ce30321e210f93b76fb55671ef6"
presto-engine presto-diag m3u8 #EXT-X-STREAM-INF:AVERAGE-BANDWIDTH=6620888,_AVG-BANDWIDTH=6620888,BANDWIDTH=6931685,VIDEO-RANGE=SDR,CLOSED-CAPTIONS=NONE,CODECS="avc1.640028",FRAME-RATE=30.000,RESOLUTION=1078x1438,STABLE-VARIANT-ID="c52e5faf5f5536c878e5a70708e3d4bb71e78c7cc0964a821d3cd04d2977d0f8"
presto-engine presto-diag m3u8 #EXT-X-STREAM-INF:AVERAGE-BANDWIDTH=9861140,_AVG-BANDWIDTH=9861140,BANDWIDTH=10369179,VIDEO-RANGE=SDR,CLOSED-CAPTIONS=NONE,CODECS="avc1.640028",FRAME-RATE=30.000,RESOLUTION=1080x1440,STABLE-VARIANT-ID="89a64d34ad332d0ac5f8ad190536ceb3baea6388358242555aef56b1c50cc4a4"
presto-engine presto-diag m3u8 #EXT-X-STREAM-INF:AVERAGE-BANDWIDTH=296176,_AVG-BANDWIDTH=296176,BANDWIDTH=308266,VIDEO-RANGE=SDR,CLOSED-CAPTIONS=NONE,CODECS="hvc1.2.20000000.L123.B0",FRAME-RATE=30.000,RESOLUTION=310x414,STABLE-VARIANT-ID="805237f808de40cf0e7c3de762c91c3382027ba7e2bedf828976915758ac52ba"
presto-engine presto-diag m3u8 #EXT-X-STREAM-INF:AVERAGE-BANDWIDTH=491736,_AVG-BANDWIDTH=491736,BANDWIDTH=504483,VIDEO-RANGE=SDR,CLOSED-CAPTIONS=NONE,CODECS="hvc1.2.20000000.L123.B0",FRAME-RATE=30.000,RESOLUTION=394x526,STABLE-VARIANT-ID="4ba1698251ee2a7c9609e1910021aef274fd672425bafbb7cf5f8d4f0bd87156"
presto-engine presto-diag m3u8 #EXT-X-STREAM-INF:AVERAGE-BANDWIDTH=703915,_AVG-BANDWIDTH=703915,BANDWIDTH=747238,VIDEO-RANGE=SDR,CLOSED-CAPTIONS=NONE,CODECS="hvc1.2.20000000.L123.B0",FRAME-RATE=30.000,RESOLUTION=436x582,STABLE-VARIANT-ID="146e3d928c480479add8629250f3aa410bcd71b45c85a0d473e3fabd7c83bfac"
presto-engine presto-diag m3u8 #EXT-X-STREAM-INF:AVERAGE-BANDWIDTH=1021355,_AVG-BANDWIDTH=1021355,BANDWIDTH=1055926,VIDEO-RANGE=SDR,CLOSED-CAPTIONS=NONE,CODECS="hvc1.2.20000000.L123.B0",FRAME-RATE=30.000,RESOLUTION=486x648,STABLE-VARIANT-ID="f441869454e27fc83e3bd0c734db3c87936216151b94b3933360bd4907a6bfad"
presto-engine presto-diag m3u8 #EXT-X-STREAM-INF:AVERAGE-BANDWIDTH=1347635,_AVG-BANDWIDTH=1347635,BANDWIDTH=1399697,VIDEO-RANGE=SDR,CLOSED-CAPTIONS=NONE,CODECS="hvc1.2.20000000.L123.B0",FRAME-RATE=30.000,RESOLUTION=486x648,STABLE-VARIANT-ID="2ae7b6c0b47bf0a90eca5b79ed3ce272d0fc885896cd29cb56185b508a7380d2"
presto-engine presto-diag m3u8 #EXT-X-STREAM-INF:AVERAGE-BANDWIDTH=2552272,_AVG-BANDWIDTH=2552272,BANDWIDTH=2802480,VIDEO-RANGE=SDR,CLOSED-CAPTIONS=NONE,CODECS="hvc1.2.20000000.L123.B0",FRAME-RATE=30.000,RESOLUTION=830x1106,STABLE-VARIANT-ID="468abb9f79c27ae6ebe75cfd09311403b5781f6b737594c84a9b95f23db873d9"
presto-engine presto-diag m3u8 #EXT-X-STREAM-INF:AVERAGE-BANDWIDTH=3300504,_AVG-BANDWIDTH=3300504,BANDWIDTH=3569280,VIDEO-RANGE=SDR,CLOSED-CAPTIONS=NONE,CODECS="hvc1.2.20000000.L123.B0",FRAME-RATE=30.000,RESOLUTION=830x1108,STABLE-VARIANT-ID="84ceb678a2d9d9e5ef51d1ad04258ecc112dad5dd2f14102fddb9ef06336ac5f"
presto-engine presto-diag m3u8 #EXT-X-STREAM-INF:AVERAGE-BANDWIDTH=3257781,_AVG-BANDWIDTH=3257781,BANDWIDTH=3557170,VIDEO-RANGE=SDR,CLOSED-CAPTIONS=NONE,CODECS="hvc1.2.20000000.L123.B0",FRAME-RATE=30.000,RESOLUTION=1078x1438,STABLE-VARIANT-ID="97f0f44a88cc83dfb401ece7b95994630b3f974e0f3316601e05f598e900fdfd"
presto-engine presto-diag m3u8 #EXT-X-STREAM-INF:AVERAGE-BANDWIDTH=4589339,_AVG-BANDWIDTH=4589339,BANDWIDTH=5053491,VIDEO-RANGE=SDR,CLOSED-CAPTIONS=NONE,CODECS="hvc1.2.20000000.L123.B0",FRAME-RATE=30.000,RESOLUTION=1078x1438,STABLE-VARIANT-ID="df47bf88eaf2f815afe086c34aaf89b8fa04b68f7aae7c0249221d0b288b1c71"
presto-engine presto-diag m3u8 #EXT-X-STREAM-INF:AVERAGE-BANDWIDTH=5922375,_AVG-BANDWIDTH=5922375,BANDWIDTH=6412349,VIDEO-RANGE=SDR,CLOSED-CAPTIONS=NONE,CODECS="hvc1.2.20000000.L123.B0",FRAME-RATE=30.000,RESOLUTION=1078x1438,STABLE-VARIANT-ID="5de11aa40b8d592cf531f611d59146674bb9c6ba4b39ed7f20fefede8eb1c091"
presto-engine presto-diag m3u8 #EXT-X-STREAM-INF:AVERAGE-BANDWIDTH=8461695,_AVG-BANDWIDTH=8461695,BANDWIDTH=9305348,VIDEO-RANGE=SDR,CLOSED-CAPTIONS=NONE,CODECS="hvc1.2.20000000.L123.B0",FRAME-RATE=30.000,RESOLUTION=1080x1440,STABLE-VARIANT-ID="e52106af2a0043c51f8a3a8d86401b0746069aa12f9eee65be2366bcfa042340"
presto-engine presto-diag m3u8 #EXT-X-STREAM-INF:AVERAGE-BANDWIDTH=14295748,_AVG-BANDWIDTH=14295748,BANDWIDTH=15863381,VIDEO-RANGE=SDR,CLOSED-CAPTIONS=NONE,CODECS="hvc1.2.20000000.H150.B0",FRAME-RATE=30.000,RESOLUTION=1662x2216,STABLE-VARIANT-ID="8da24fda3aa0d44527de310ef171aef34341442fc5ec7f27ca018a09a785b62f"
presto-engine presto-diag m3u8 #EXT-X-STREAM-INF:AVERAGE-BANDWIDTH=8232488,_AVG-BANDWIDTH=8232488,BANDWIDTH=9499539,VIDEO-RANGE=SDR,CLOSED-CAPTIONS=NONE,CODECS="hvc1.2.20000000.H150.B0",FRAME-RATE=30.000,RESOLUTION=2048x2732,STABLE-VARIANT-ID="e4c913b9bfc6164e29800d6a2a68af0e37eb0b7b4ef3c6965a8b03927d93b06f"
presto-engine presto-diag m3u8 #EXT-X-STREAM-INF:AVERAGE-BANDWIDTH=15154556,_AVG-BANDWIDTH=15154556,BANDWIDTH=18386091,VIDEO-RANGE=SDR,CLOSED-CAPTIONS=NONE,CODECS="hvc1.2.20000000.H150.B0",FRAME-RATE=30.000,RESOLUTION=2048x2732,STABLE-VARIANT-ID="0c3f99d0e37ab44f3f96c151bbd8a08101e6ed099bd384b7ac6cb8a944e56fa3"
presto-engine presto-diag m3u8 #EXT-X-STREAM-INF:AVERAGE-BANDWIDTH=24348363,_AVG-BANDWIDTH=24348363,BANDWIDTH=28236312,VIDEO-RANGE=SDR,CLOSED-CAPTIONS=NONE,CODECS="hvc1.2.20000000.H150.B0",FRAME-RATE=30.000,RESOLUTION=2048x2732,STABLE-VARIANT-ID="2ba70a294f3ff4194763ed3676e262f763ec3de44b9c3d5438d1db2dd58a724a"
presto-engine presto-diag hls https://mvod.itunes.apple.com/itunes-assets/HLSMusic211/v4/0f/a3/7e/0fa37e94-19be-884b-184f-7e120fa788c6/P1234007547_Anull_video_gr260_sdr_830x1108.m3u8 application/x-mpegurl
presto-engine presto-diag hls https://mvod.itunes.apple.com/itunes-assets/HLSMusic221/v4/d8/1e/ea/d81eea44-b99f-fbdd-629e-58c4e740c3b2/P1265022633_Anull_video_gr260_sdr_830x1108.m3u8 application/x-mpegurl
presto-engine presto-diag hls https://mvod.itunes.apple.com/itunes-assets/HLSMusic221/v4/18/25/6e/18256ed3-b879-5bf0-135a-fed9c666d198/P1174930563_Anull_video_gr260_sdr_830x1108.m3u8 application/x-mpegurl
presto-engine presto-diag hls https://mvod.itunes.apple.com/itunes-assets/HLSMusic221/v4/a6/5c/fc/a65cfc7e-6137-8ea1-2a1e-af1783ce730a/P1233198887_Anull_video_gr260_sdr_830x1108.m3u8 application/x-mpegurl
presto-engine presto-diag hls https://mvod.itunes.apple.com/itunes-assets/HLSMusic211/v4/0f/e2/34/0fe234e4-0666-17a3-71ac-f09288466f5f/P1174374239_Anull_video_gr260_sdr_830x1108.m3u8 application/x-mpegurl
presto-engine presto-diag hls https://mvod.itunes.apple.com/itunes-assets/HLSMusic221/v4/06/16/e2/0616e293-2cfb-7557-ae43-82a1a4a22c88/P1290244617_Anull_video_gr260_sdr_830x1108.m3u8 application/x-mpegurl
presto-engine presto-diag hls https://mvod.itunes.apple.com/itunes-assets/HLSMusic211/v4/de/35/b2/de35b2fd-4388-320e-aa27-bcf430342f30/P1234024321_Anull_video_gr260_sdr_830x1108.m3u8 application/x-mpegurl
presto-engine presto-diag hls https://mvod.itunes.apple.com/itunes-assets/HLSMusic211/v4/f6/12/2b/f6122bad-6bbf-3754-5f5b-d5f0e05c751e/P1231947522_Anull_video_gr260_sdr_830x1108.m3u8 application/x-mpegurl
presto-engine presto-diag hls https://mvod.itunes.apple.com/itunes-assets/HLSMusic221/v4/ac/50/16/ac501630-d202-62db-6a80-76d77bf5dcd7/P1246659336_Anull_video_gr260_sdr_830x1108.m3u8 application/x-mpegurl
presto-engine presto-diag hls https://mvod.itunes.apple.com/itunes-assets/HLSMusic221/v4/f5/46/d9/f546d958-4a74-fd8f-8653-c67da1f33ff5/P1174299308_Anull_video_gr260_sdr_830x1108.m3u8 application/x-mpegurl
presto-engine presto-diag hls https://mvod.itunes.apple.com/itunes-assets/HLSMusic211/v4/b7/94/7d/b7947dac-9d51-0ba9-d9fa-b69d8a43f763/P1233317096_Anull_video_gr260_sdr_830x1108.m3u8 application/x-mpegurl
presto-engine presto-diag hls https://mvod.itunes.apple.com/itunes-assets/HLSMusic221/v4/13/0d/4d/130d4d6b-ef70-52bd-18d1-116334a2be5e/P1228248468_Anull_video_gr260_sdr_830x1108.m3u8 application/x-mpegurl
presto-engine presto-diag hls https://mvod.itunes.apple.com/itunes-assets/HLSMusic211/v4/50/21/f6/5021f6b9-1b52-c7ad-91cb-021618134258/P1506578430_default.m3u8 application/vnd.apple.mpegurl
presto-engine presto-diag hls https://mvod.itunes.apple.com/itunes-assets/HLSMusic221/v4/30/d5/a2/30d5a202-d121-d6cd-4bb9-56e29be22a58/P1511335776_default.m3u8 application/vnd.apple.mpegurl
presto-engine presto-diag hls https://mvod.itunes.apple.com/itunes-assets/HLSVideo211/v4/0f/d0/19/0fd0194e-4b9f-4a31-2e5d-0aa7adca8a3e/P1511544526_default.m3u8 application/vnd.apple.mpegurl
presto-engine presto-diag m3u8 #EXT-X-MEDIA-SEQUENCE:0
presto-engine presto-diag m3u8 #EXT-X-MEDIA-SEQUENCE:0
presto-engine presto-diag m3u8 #EXT-X-MEDIA-SEQUENCE:0
presto-engine presto-diag m3u8 #EXT-X-MEDIA-SEQUENCE:0
presto-engine presto-diag m3u8 #EXT-X-MEDIA-SEQUENCE:0
presto-engine presto-diag m3u8 #EXT-X-MEDIA-SEQUENCE:0
presto-engine presto-diag m3u8 #EXT-X-MEDIA-SEQUENCE:0
presto-engine presto-diag m3u8 #EXT-X-MEDIA-SEQUENCE:0
presto-engine presto-diag m3u8 #EXT-X-MEDIA-SEQUENCE:0
presto-engine presto-diag m3u8 #EXT-X-MEDIA-SEQUENCE:0
presto-engine presto-diag m3u8 #EXT-X-MEDIA-SEQUENCE:0
presto-engine presto-diag m3u8 #EXT-X-MEDIA-SEQUENCE:0
presto-engine presto-diag m3u8 #EXT-X-STREAM-INF:AVERAGE-BANDWIDTH=2156440,BANDWIDTH=2536107,VIDEO-RANGE=SDR,CLOSED-CAPTIONS=NONE,CODECS="avc1.64001f",FRAME-RATE=30.000,RESOLUTION=664x886,STABLE-VARIANT-ID="p19bmb7ri"
presto-engine presto-diag m3u8 #EXT-X-STREAM-INF:AVERAGE-BANDWIDTH=1943148,BANDWIDTH=2351230,VIDEO-RANGE=SDR,CLOSED-CAPTIONS=NONE,CODECS="hvc1.2.20000000.L123.B0",FRAME-RATE=30.000,RESOLUTION=664x886,STABLE-VARIANT-ID="xc14byk8b"
presto-engine presto-diag m3u8 #EXT-X-STREAM-INF:AVERAGE-BANDWIDTH=267904,BANDWIDTH=346716,VIDEO-RANGE=SDR,CLOSED-CAPTIONS=NONE,CODECS="avc1.64001f",FRAME-RATE=30.000,RESOLUTION=310x414,STABLE-VARIANT-ID="ii7mm7w1y"
presto-engine presto-diag m3u8 #EXT-X-STREAM-INF:AVERAGE-BANDWIDTH=373472,BANDWIDTH=464338,VIDEO-RANGE=SDR,CLOSED-CAPTIONS=NONE,CODECS="avc1.64001f",FRAME-RATE=30.000,RESOLUTION=352x470,STABLE-VARIANT-ID="rczzmedlu"
presto-engine presto-diag m3u8 #EXT-X-STREAM-INF:AVERAGE-BANDWIDTH=519336,BANDWIDTH=612675,VIDEO-RANGE=SDR,CLOSED-CAPTIONS=NONE,CODECS="avc1.64001f",FRAME-RATE=30.000,RESOLUTION=394x526,STABLE-VARIANT-ID="7695i8mrn"
presto-engine presto-diag m3u8 #EXT-X-STREAM-INF:AVERAGE-BANDWIDTH=786668,BANDWIDTH=944079,VIDEO-RANGE=SDR,CLOSED-CAPTIONS=NONE,CODECS="avc1.64001f",FRAME-RATE=30.000,RESOLUTION=436x582,STABLE-VARIANT-ID="c5z478bjj"
presto-engine presto-diag m3u8 #EXT-X-STREAM-INF:AVERAGE-BANDWIDTH=1172355,BANDWIDTH=1414949,VIDEO-RANGE=SDR,CLOSED-CAPTIONS=NONE,CODECS="avc1.64001f",FRAME-RATE=30.000,RESOLUTION=486x648,STABLE-VARIANT-ID="pjksn4i2w"
presto-engine presto-diag m3u8 #EXT-X-STREAM-INF:AVERAGE-BANDWIDTH=1534794,BANDWIDTH=1796151,VIDEO-RANGE=SDR,CLOSED-CAPTIONS=NONE,CODECS="avc1.64001f",FRAME-RATE=30.000,RESOLUTION=486x648,STABLE-VARIANT-ID="4xkam53nd"
presto-engine presto-diag m3u8 #EXT-X-STREAM-INF:AVERAGE-BANDWIDTH=2870216,BANDWIDTH=3458768,VIDEO-RANGE=SDR,CLOSED-CAPTIONS=NONE,CODECS="avc1.640020",FRAME-RATE=30.000,RESOLUTION=830x1106,STABLE-VARIANT-ID="9j4ymsxs7"
presto-engine presto-diag m3u8 #EXT-X-STREAM-INF:AVERAGE-BANDWIDTH=4015092,BANDWIDTH=4744757,VIDEO-RANGE=SDR,CLOSED-CAPTIONS=NONE,CODECS="avc1.640020",FRAME-RATE=30.000,RESOLUTION=830x1108,STABLE-VARIANT-ID="7mt2tpazi"
presto-engine presto-diag m3u8 #EXT-X-STREAM-INF:AVERAGE-BANDWIDTH=3897253,BANDWIDTH=4798047,VIDEO-RANGE=SDR,CLOSED-CAPTIONS=NONE,CODECS="avc1.640028",FRAME-RATE=30.000,RESOLUTION=1078x1438,STABLE-VARIANT-ID="hn69o2t09"
presto-engine presto-diag m3u8 #EXT-X-STREAM-INF:AVERAGE-BANDWIDTH=5270487,BANDWIDTH=6205817,VIDEO-RANGE=SDR,CLOSED-CAPTIONS=NONE,CODECS="avc1.640028",FRAME-RATE=30.000,RESOLUTION=1078x1438,STABLE-VARIANT-ID="iq92mqe8m"
presto-engine presto-diag m3u8 #EXT-X-STREAM-INF:AVERAGE-BANDWIDTH=6783389,BANDWIDTH=7724782,VIDEO-RANGE=SDR,CLOSED-CAPTIONS=NONE,CODECS="avc1.640028",FRAME-RATE=30.000,RESOLUTION=1078x1438,STABLE-VARIANT-ID="qvwsmmpxx"
presto-engine presto-diag m3u8 #EXT-X-STREAM-INF:AVERAGE-BANDWIDTH=10288074,BANDWIDTH=12019844,VIDEO-RANGE=SDR,CLOSED-CAPTIONS=NONE,CODECS="avc1.640028",FRAME-RATE=30.000,RESOLUTION=1080x1440,STABLE-VARIANT-ID="gphzgarvl"
presto-engine presto-diag m3u8 #EXT-X-STREAM-INF:AVERAGE-BANDWIDTH=303412,BANDWIDTH=405344,VIDEO-RANGE=SDR,CLOSED-CAPTIONS=NONE,CODECS="hvc1.2.20000000.L123.B0",FRAME-RATE=30.000,RESOLUTION=310x414,STABLE-VARIANT-ID="vblsopxkc"
presto-engine presto-diag m3u8 #EXT-X-STREAM-INF:AVERAGE-BANDWIDTH=486340,BANDWIDTH=640006,VIDEO-RANGE=SDR,CLOSED-CAPTIONS=NONE,CODECS="hvc1.2.20000000.L123.B0",FRAME-RATE=30.000,RESOLUTION=394x526,STABLE-VARIANT-ID="ylov2uf3e"
presto-engine presto-diag m3u8 #EXT-X-STREAM-INF:AVERAGE-BANDWIDTH=715528,BANDWIDTH=866580,VIDEO-RANGE=SDR,CLOSED-CAPTIONS=NONE,CODECS="hvc1.2.20000000.L123.B0",FRAME-RATE=30.000,RESOLUTION=436x582,STABLE-VARIANT-ID="rqwtxo9eg"
presto-engine presto-diag m3u8 #EXT-X-STREAM-INF:AVERAGE-BANDWIDTH=1031467,BANDWIDTH=1266272,VIDEO-RANGE=SDR,CLOSED-CAPTIONS=NONE,CODECS="hvc1.2.20000000.L123.B0",FRAME-RATE=30.000,RESOLUTION=486x648,STABLE-VARIANT-ID="1uoy8c23w"
presto-engine presto-diag m3u8 #EXT-X-STREAM-INF:AVERAGE-BANDWIDTH=1394708,BANDWIDTH=1748360,VIDEO-RANGE=SDR,CLOSED-CAPTIONS=NONE,CODECS="hvc1.2.20000000.L123.B0",FRAME-RATE=30.000,RESOLUTION=486x648,STABLE-VARIANT-ID="pnwin35h3"
presto-engine presto-diag m3u8 #EXT-X-STREAM-INF:AVERAGE-BANDWIDTH=2527620,BANDWIDTH=3022472,VIDEO-RANGE=SDR,CLOSED-CAPTIONS=NONE,CODECS="hvc1.2.20000000.L123.B0",FRAME-RATE=30.000,RESOLUTION=830x1106,STABLE-VARIANT-ID="qskynam6c"
presto-engine presto-diag m3u8 #EXT-X-STREAM-INF:AVERAGE-BANDWIDTH=3350896,BANDWIDTH=3978468,VIDEO-RANGE=SDR,CLOSED-CAPTIONS=NONE,CODECS="hvc1.2.20000000.L123.B0",FRAME-RATE=30.000,RESOLUTION=830x1108,STABLE-VARIANT-ID="tx28d3fbm"
presto-engine presto-diag m3u8 #EXT-X-STREAM-INF:AVERAGE-BANDWIDTH=3358540,BANDWIDTH=4013475,VIDEO-RANGE=SDR,CLOSED-CAPTIONS=NONE,CODECS="hvc1.2.20000000.L123.B0",FRAME-RATE=30.000,RESOLUTION=1078x1438,STABLE-VARIANT-ID="m2q7jtdbh"
presto-engine presto-diag m3u8 #EXT-X-STREAM-INF:AVERAGE-BANDWIDTH=4501619,BANDWIDTH=5229305,VIDEO-RANGE=SDR,CLOSED-CAPTIONS=NONE,CODECS="hvc1.2.20000000.L123.B0",FRAME-RATE=30.000,RESOLUTION=1078x1438,STABLE-VARIANT-ID="jghxeuxcp"
presto-engine presto-diag m3u8 #EXT-X-STREAM-INF:AVERAGE-BANDWIDTH=6010327,BANDWIDTH=7124072,VIDEO-RANGE=SDR,CLOSED-CAPTIONS=NONE,CODECS="hvc1.2.20000000.L123.B0",FRAME-RATE=30.000,RESOLUTION=1078x1438,STABLE-VARIANT-ID="vhv4a8rzq"
presto-engine presto-diag m3u8 #EXT-X-STREAM-INF:AVERAGE-BANDWIDTH=8517784,BANDWIDTH=9938818,VIDEO-RANGE=SDR,CLOSED-CAPTIONS=NONE,CODECS="hvc1.2.20000000.L123.B0",FRAME-RATE=30.000,RESOLUTION=1080x1440,STABLE-VARIANT-ID="zxo1vvn5k"
presto-engine presto-diag m3u8 #EXT-X-STREAM-INF:AVERAGE-BANDWIDTH=14002985,BANDWIDTH=15760534,VIDEO-RANGE=SDR,CLOSED-CAPTIONS=NONE,CODECS="hvc1.2.20000000.H150.B0",FRAME-RATE=30.000,RESOLUTION=1662x2216,STABLE-VARIANT-ID="wmu5w1uar"
presto-engine presto-diag m3u8 #EXT-X-STREAM-INF:AVERAGE-BANDWIDTH=8012512,BANDWIDTH=9403431,VIDEO-RANGE=SDR,CLOSED-CAPTIONS=NONE,CODECS="hvc1.2.20000000.H150.B0",FRAME-RATE=30.000,RESOLUTION=2048x2732,STABLE-VARIANT-ID="j6b9331hm"
presto-engine presto-diag m3u8 #EXT-X-STREAM-INF:AVERAGE-BANDWIDTH=13945188,BANDWIDTH=16508048,VIDEO-RANGE=SDR,CLOSED-CAPTIONS=NONE,CODECS="hvc1.2.20000000.H150.B0",FRAME-RATE=30.000,RESOLUTION=2048x2732,STABLE-VARIANT-ID="wdnp9cmwv"
presto-engine presto-diag m3u8 #EXT-X-STREAM-INF:AVERAGE-BANDWIDTH=23947830,BANDWIDTH=26547432,VIDEO-RANGE=SDR,CLOSED-CAPTIONS=NONE,CODECS="hvc1.2.20000000.H150.B0",FRAME-RATE=30.000,RESOLUTION=2048x2732,STABLE-VARIANT-ID="513mpr6i4"
presto-engine presto-diag m3u8 #EXT-X-STREAM-INF:AVERAGE-BANDWIDTH=2188894,BANDWIDTH=2194838,VIDEO-RANGE=SDR,CLOSED-CAPTIONS=NONE,CODECS="avc1.64001f",FRAME-RATE=30.000,RESOLUTION=1172x502,STABLE-VARIANT-ID="cw03unq96"
presto-engine presto-diag m3u8 #EXT-X-STREAM-INF:AVERAGE-BANDWIDTH=1930276,BANDWIDTH=1953800,VIDEO-RANGE=SDR,CLOSED-CAPTIONS=NONE,CODECS="hvc1.2.20000000.L123.B0",FRAME-RATE=30.000,RESOLUTION=1172x502,STABLE-VARIANT-ID="afkvcb8ox"
presto-engine presto-diag m3u8 #EXT-X-STREAM-INF:AVERAGE-BANDWIDTH=267129,BANDWIDTH=283940,VIDEO-RANGE=SDR,CLOSED-CAPTIONS=NONE,CODECS="avc1.64001f",FRAME-RATE=30.000,RESOLUTION=546x234,STABLE-VARIANT-ID="p4gx3gznj"
presto-engine presto-diag m3u8 #EXT-X-STREAM-INF:AVERAGE-BANDWIDTH=368388,BANDWIDTH=383374,VIDEO-RANGE=SDR,CLOSED-CAPTIONS=NONE,CODECS="avc1.64001f",FRAME-RATE=30.000,RESOLUTION=622x266,STABLE-VARIANT-ID="45423jyyp"
presto-engine presto-diag m3u8 #EXT-X-STREAM-INF:AVERAGE-BANDWIDTH=517028,BANDWIDTH=533190,VIDEO-RANGE=SDR,CLOSED-CAPTIONS=NONE,CODECS="avc1.64001f",FRAME-RATE=30.000,RESOLUTION=696x298,STABLE-VARIANT-ID="echg2wzn2"
presto-engine presto-diag m3u8 #EXT-X-STREAM-INF:AVERAGE-BANDWIDTH=771463,BANDWIDTH=785982,VIDEO-RANGE=SDR,CLOSED-CAPTIONS=NONE,CODECS="avc1.64001f",FRAME-RATE=30.000,RESOLUTION=766x328,STABLE-VARIANT-ID="atcmdcefr"
presto-engine presto-diag m3u8 #EXT-X-STREAM-INF:AVERAGE-BANDWIDTH=1121251,BANDWIDTH=1121512,VIDEO-RANGE=SDR,CLOSED-CAPTIONS=NONE,CODECS="avc1.64001f",FRAME-RATE=30.000,RESOLUTION=864x370,STABLE-VARIANT-ID="bi7cwornj"
presto-engine presto-diag m3u8 #EXT-X-STREAM-INF:AVERAGE-BANDWIDTH=1575782,BANDWIDTH=1621756,VIDEO-RANGE=SDR,CLOSED-CAPTIONS=NONE,CODECS="avc1.64001f",FRAME-RATE=30.000,RESOLUTION=864x370,STABLE-VARIANT-ID="bhpcka647"
presto-engine presto-diag m3u8 #EXT-X-STREAM-INF:AVERAGE-BANDWIDTH=2889734,BANDWIDTH=2892628,VIDEO-RANGE=SDR,CLOSED-CAPTIONS=NONE,CODECS="avc1.640020",FRAME-RATE=30.000,RESOLUTION=1466x628,STABLE-VARIANT-ID="xts4bg60h"
presto-engine presto-diag m3u8 #EXT-X-STREAM-INF:AVERAGE-BANDWIDTH=3943059,BANDWIDTH=3954290,VIDEO-RANGE=SDR,CLOSED-CAPTIONS=NONE,CODECS="avc1.640020",FRAME-RATE=30.000,RESOLUTION=1466x628,STABLE-VARIANT-ID="g1y2r11x6"
presto-engine presto-diag m3u8 #EXT-X-STREAM-INF:AVERAGE-BANDWIDTH=3883536,BANDWIDTH=3948470,VIDEO-RANGE=SDR,CLOSED-CAPTIONS=NONE,CODECS="avc1.640028",FRAME-RATE=30.000,RESOLUTION=1918x822,STABLE-VARIANT-ID="mb7rx8hci"
presto-engine presto-diag m3u8 #EXT-X-STREAM-INF:AVERAGE-BANDWIDTH=5057458,BANDWIDTH=5113380,VIDEO-RANGE=SDR,CLOSED-CAPTIONS=NONE,CODECS="avc1.640028",FRAME-RATE=30.000,RESOLUTION=1918x822,STABLE-VARIANT-ID="4ccmmsfqh"
presto-engine presto-diag m3u8 #EXT-X-STREAM-INF:AVERAGE-BANDWIDTH=6662254,BANDWIDTH=6662740,VIDEO-RANGE=SDR,CLOSED-CAPTIONS=NONE,CODECS="avc1.640028",FRAME-RATE=30.000,RESOLUTION=1918x822,STABLE-VARIANT-ID="fhqspvr1w"
presto-engine presto-diag m3u8 #EXT-X-STREAM-INF:AVERAGE-BANDWIDTH=9765486,BANDWIDTH=9913850,VIDEO-RANGE=SDR,CLOSED-CAPTIONS=NONE,CODECS="avc1.640028",FRAME-RATE=30.000,RESOLUTION=1918x822,STABLE-VARIANT-ID="uv45k60y8"
presto-engine presto-diag m3u8 #EXT-X-STREAM-INF:AVERAGE-BANDWIDTH=310979,BANDWIDTH=317510,VIDEO-RANGE=SDR,CLOSED-CAPTIONS=NONE,CODECS="hvc1.2.20000000.L123.B0",FRAME-RATE=30.000,RESOLUTION=546x234,STABLE-VARIANT-ID="docb81dm2"
presto-engine presto-diag m3u8 #EXT-X-STREAM-INF:AVERAGE-BANDWIDTH=493675,BANDWIDTH=515892,VIDEO-RANGE=SDR,CLOSED-CAPTIONS=NONE,CODECS="hvc1.2.20000000.L123.B0",FRAME-RATE=30.000,RESOLUTION=696x298,STABLE-VARIANT-ID="7asrjr3ip"
presto-engine presto-diag m3u8 #EXT-X-STREAM-INF:AVERAGE-BANDWIDTH=707164,BANDWIDTH=708934,VIDEO-RANGE=SDR,CLOSED-CAPTIONS=NONE,CODECS="hvc1.2.20000000.L123.B0",FRAME-RATE=30.000,RESOLUTION=766x328,STABLE-VARIANT-ID="otj5ryqbp"
presto-engine presto-diag m3u8 #EXT-X-STREAM-INF:AVERAGE-BANDWIDTH=1025327,BANDWIDTH=1062450,VIDEO-RANGE=SDR,CLOSED-CAPTIONS=NONE,CODECS="hvc1.2.20000000.L123.B0",FRAME-RATE=30.000,RESOLUTION=864x370,STABLE-VARIANT-ID="ud3q5grg0"
presto-engine presto-diag m3u8 #EXT-X-STREAM-INF:AVERAGE-BANDWIDTH=1313725,BANDWIDTH=1372244,VIDEO-RANGE=SDR,CLOSED-CAPTIONS=NONE,CODECS="hvc1.2.20000000.L123.B0",FRAME-RATE=30.000,RESOLUTION=864x370,STABLE-VARIANT-ID="lht4387ln"
presto-engine presto-diag m3u8 #EXT-X-STREAM-INF:AVERAGE-BANDWIDTH=2549836,BANDWIDTH=2596998,VIDEO-RANGE=SDR,CLOSED-CAPTIONS=NONE,CODECS="hvc1.2.20000000.L123.B0",FRAME-RATE=30.000,RESOLUTION=1466x628,STABLE-VARIANT-ID="37dyqa66y"
presto-engine presto-diag m3u8 #EXT-X-STREAM-INF:AVERAGE-BANDWIDTH=3367466,BANDWIDTH=3443538,VIDEO-RANGE=SDR,CLOSED-CAPTIONS=NONE,CODECS="hvc1.2.20000000.L123.B0",FRAME-RATE=30.000,RESOLUTION=1466x628,STABLE-VARIANT-ID="muj1ka6hl"
presto-engine presto-diag m3u8 #EXT-X-STREAM-INF:AVERAGE-BANDWIDTH=3295266,BANDWIDTH=3405768,VIDEO-RANGE=SDR,CLOSED-CAPTIONS=NONE,CODECS="hvc1.2.20000000.L123.B0",FRAME-RATE=30.000,RESOLUTION=1918x822,STABLE-VARIANT-ID="n6j899fj1"
presto-engine presto-diag m3u8 #EXT-X-STREAM-INF:AVERAGE-BANDWIDTH=4679568,BANDWIDTH=4819014,VIDEO-RANGE=SDR,CLOSED-CAPTIONS=NONE,CODECS="hvc1.2.20000000.L123.B0",FRAME-RATE=30.000,RESOLUTION=1918x822,STABLE-VARIANT-ID="xb4tp787s"
presto-engine presto-diag m3u8 #EXT-X-STREAM-INF:AVERAGE-BANDWIDTH=6061079,BANDWIDTH=6237260,VIDEO-RANGE=SDR,CLOSED-CAPTIONS=NONE,CODECS="hvc1.2.20000000.L123.B0",FRAME-RATE=30.000,RESOLUTION=1918x822,STABLE-VARIANT-ID="lrbqkw0r6"
presto-engine presto-diag m3u8 #EXT-X-STREAM-INF:AVERAGE-BANDWIDTH=8333987,BANDWIDTH=8425728,VIDEO-RANGE=SDR,CLOSED-CAPTIONS=NONE,CODECS="hvc1.2.20000000.L123.B0",FRAME-RATE=30.000,RESOLUTION=1918x822,STABLE-VARIANT-ID="vgvrd5q5o"
presto-engine presto-diag m3u8 #EXT-X-STREAM-INF:AVERAGE-BANDWIDTH=14115816,BANDWIDTH=14280334,VIDEO-RANGE=SDR,CLOSED-CAPTIONS=NONE,CODECS="hvc1.2.20000000.H150.B0",FRAME-RATE=30.000,RESOLUTION=2930x1256,STABLE-VARIANT-ID="1ti4xulnh"
presto-engine presto-diag m3u8 #EXT-X-STREAM-INF:AVERAGE-BANDWIDTH=8279632,BANDWIDTH=8672834,VIDEO-RANGE=SDR,CLOSED-CAPTIONS=NONE,CODECS="hvc1.2.20000000.H150.B0",FRAME-RATE=30.000,RESOLUTION=3840x1646,STABLE-VARIANT-ID="u89415mde"
presto-engine presto-diag m3u8 #EXT-X-STREAM-INF:AVERAGE-BANDWIDTH=14419798,BANDWIDTH=14943050,VIDEO-RANGE=SDR,CLOSED-CAPTIONS=NONE,CODECS="hvc1.2.20000000.H150.B0",FRAME-RATE=30.000,RESOLUTION=3840x1646,STABLE-VARIANT-ID="3mzj554mg"
presto-engine presto-diag m3u8 #EXT-X-STREAM-INF:AVERAGE-BANDWIDTH=24528025,BANDWIDTH=25176974,VIDEO-RANGE=SDR,CLOSED-CAPTIONS=NONE,CODECS="hvc1.2.20000000.H150.B0",FRAME-RATE=30.000,RESOLUTION=3840x1646,STABLE-VARIANT-ID="wceahsa9w"
presto-engine presto-diag m3u8 #EXT-X-STREAM-INF:AVERAGE-BANDWIDTH=2167705,BANDWIDTH=2433704,VIDEO-RANGE=SDR,CLOSED-CAPTIONS=NONE,CODECS="avc1.64001f",FRAME-RATE=29.970,RESOLUTION=664x886,STABLE-VARIANT-ID="an7kvi9jr"
presto-engine presto-diag m3u8 #EXT-X-STREAM-INF:AVERAGE-BANDWIDTH=1798364,BANDWIDTH=2141714,VIDEO-RANGE=SDR,CLOSED-CAPTIONS=NONE,CODECS="hvc1.2.20000000.L123.B0",FRAME-RATE=29.970,RESOLUTION=664x886,STABLE-VARIANT-ID="rphh06mzu"
presto-engine presto-diag m3u8 #EXT-X-STREAM-INF:AVERAGE-BANDWIDTH=261716,BANDWIDTH=294894,VIDEO-RANGE=SDR,CLOSED-CAPTIONS=NONE,CODECS="avc1.64001f",FRAME-RATE=29.970,RESOLUTION=310x414,STABLE-VARIANT-ID="n59m4lclp"
presto-engine presto-diag m3u8 #EXT-X-STREAM-INF:AVERAGE-BANDWIDTH=361212,BANDWIDTH=408028,VIDEO-RANGE=SDR,CLOSED-CAPTIONS=NONE,CODECS="avc1.64001f",FRAME-RATE=29.970,RESOLUTION=352x470,STABLE-VARIANT-ID="6lo08e4tq"
presto-engine presto-diag m3u8 #EXT-X-STREAM-INF:AVERAGE-BANDWIDTH=510909,BANDWIDTH=581793,VIDEO-RANGE=SDR,CLOSED-CAPTIONS=NONE,CODECS="avc1.64001f",FRAME-RATE=29.970,RESOLUTION=394x526,STABLE-VARIANT-ID="e5vi0nnl8"
presto-engine presto-diag m3u8 #EXT-X-STREAM-INF:AVERAGE-BANDWIDTH=767253,BANDWIDTH=837880,VIDEO-RANGE=SDR,CLOSED-CAPTIONS=NONE,CODECS="avc1.64001f",FRAME-RATE=29.970,RESOLUTION=436x582,STABLE-VARIANT-ID="baegifoqg"
presto-engine presto-diag m3u8 #EXT-X-STREAM-INF:AVERAGE-BANDWIDTH=1129626,BANDWIDTH=1380372,VIDEO-RANGE=SDR,CLOSED-CAPTIONS=NONE,CODECS="avc1.64001f",FRAME-RATE=29.970,RESOLUTION=486x648,STABLE-VARIANT-ID="3xf4v1htf"
presto-engine presto-diag m3u8 #EXT-X-STREAM-INF:AVERAGE-BANDWIDTH=1536404,BANDWIDTH=1728838,VIDEO-RANGE=SDR,CLOSED-CAPTIONS=NONE,CODECS="avc1.64001f",FRAME-RATE=29.970,RESOLUTION=486x648,STABLE-VARIANT-ID="jy1ci38lr"
presto-engine presto-diag m3u8 #EXT-X-STREAM-INF:AVERAGE-BANDWIDTH=2873760,BANDWIDTH=3253551,VIDEO-RANGE=SDR,CLOSED-CAPTIONS=NONE,CODECS="avc1.640020",FRAME-RATE=29.970,RESOLUTION=830x1106,STABLE-VARIANT-ID="3fdl3uaox"
presto-engine presto-diag m3u8 #EXT-X-STREAM-INF:AVERAGE-BANDWIDTH=3898906,BANDWIDTH=4333232,VIDEO-RANGE=SDR,CLOSED-CAPTIONS=NONE,CODECS="avc1.640020",FRAME-RATE=29.970,RESOLUTION=830x1108,STABLE-VARIANT-ID="5g5l8w10q"
presto-engine presto-diag m3u8 #EXT-X-STREAM-INF:AVERAGE-BANDWIDTH=3890696,BANDWIDTH=4224303,VIDEO-RANGE=SDR,CLOSED-CAPTIONS=NONE,CODECS="avc1.640028",FRAME-RATE=29.970,RESOLUTION=1078x1438,STABLE-VARIANT-ID="13sv9kvvb"
presto-engine presto-diag m3u8 #EXT-X-STREAM-INF:AVERAGE-BANDWIDTH=5131602,BANDWIDTH=5487144,VIDEO-RANGE=SDR,CLOSED-CAPTIONS=NONE,CODECS="avc1.640028",FRAME-RATE=29.970,RESOLUTION=1078x1438,STABLE-VARIANT-ID="uspoqn10v"
presto-engine presto-diag m3u8 #EXT-X-STREAM-INF:AVERAGE-BANDWIDTH=6684058,BANDWIDTH=7439510,VIDEO-RANGE=SDR,CLOSED-CAPTIONS=NONE,CODECS="avc1.640028",FRAME-RATE=29.970,RESOLUTION=1078x1438,STABLE-VARIANT-ID="qoci84lmn"
presto-engine presto-diag m3u8 #EXT-X-STREAM-INF:AVERAGE-BANDWIDTH=9995764,BANDWIDTH=11010297,VIDEO-RANGE=SDR,CLOSED-CAPTIONS=NONE,CODECS="avc1.640028",FRAME-RATE=29.970,RESOLUTION=1080x1440,STABLE-VARIANT-ID="dea8sqe19"
presto-engine presto-diag m3u8 #EXT-X-STREAM-INF:AVERAGE-BANDWIDTH=308191,BANDWIDTH=385224,VIDEO-RANGE=SDR,CLOSED-CAPTIONS=NONE,CODECS="hvc1.2.20000000.L123.B0",FRAME-RATE=29.970,RESOLUTION=310x414,STABLE-VARIANT-ID="8vm0fvexn"
presto-engine presto-diag m3u8 #EXT-X-STREAM-INF:AVERAGE-BANDWIDTH=487526,BANDWIDTH=546497,VIDEO-RANGE=SDR,CLOSED-CAPTIONS=NONE,CODECS="hvc1.2.20000000.L123.B0",FRAME-RATE=29.970,RESOLUTION=394x526,STABLE-VARIANT-ID="0lx7oxijr"
presto-engine presto-diag m3u8 #EXT-X-STREAM-INF:AVERAGE-BANDWIDTH=690572,BANDWIDTH=768815,VIDEO-RANGE=SDR,CLOSED-CAPTIONS=NONE,CODECS="hvc1.2.20000000.L123.B0",FRAME-RATE=29.970,RESOLUTION=436x582,STABLE-VARIANT-ID="x4e1ggihg"
presto-engine presto-diag m3u8 #EXT-X-STREAM-INF:AVERAGE-BANDWIDTH=1013190,BANDWIDTH=1098600,VIDEO-RANGE=SDR,CLOSED-CAPTIONS=NONE,CODECS="hvc1.2.20000000.L123.B0",FRAME-RATE=29.970,RESOLUTION=486x648,STABLE-VARIANT-ID="v3helmldm"
presto-engine presto-diag m3u8 #EXT-X-STREAM-INF:AVERAGE-BANDWIDTH=1323741,BANDWIDTH=1454635,VIDEO-RANGE=SDR,CLOSED-CAPTIONS=NONE,CODECS="hvc1.2.20000000.L123.B0",FRAME-RATE=29.970,RESOLUTION=486x648,STABLE-VARIANT-ID="f1qw4w7s4"
presto-engine presto-diag m3u8 #EXT-X-STREAM-INF:AVERAGE-BANDWIDTH=2546570,BANDWIDTH=2734721,VIDEO-RANGE=SDR,CLOSED-CAPTIONS=NONE,CODECS="hvc1.2.20000000.L123.B0",FRAME-RATE=29.970,RESOLUTION=830x1106,STABLE-VARIANT-ID="1ejs02q7j"
presto-engine presto-diag m3u8 #EXT-X-STREAM-INF:AVERAGE-BANDWIDTH=3298790,BANDWIDTH=3457980,VIDEO-RANGE=SDR,CLOSED-CAPTIONS=NONE,CODECS="hvc1.2.20000000.L123.B0",FRAME-RATE=29.970,RESOLUTION=830x1108,STABLE-VARIANT-ID="6xhrjol8l"
presto-engine presto-diag m3u8 #EXT-X-STREAM-INF:AVERAGE-BANDWIDTH=3264025,BANDWIDTH=3493574,VIDEO-RANGE=SDR,CLOSED-CAPTIONS=NONE,CODECS="hvc1.2.20000000.L123.B0",FRAME-RATE=29.970,RESOLUTION=1078x1438,STABLE-VARIANT-ID="1gyx6eiov"
presto-engine presto-diag m3u8 #EXT-X-STREAM-INF:AVERAGE-BANDWIDTH=4644338,BANDWIDTH=4792270,VIDEO-RANGE=SDR,CLOSED-CAPTIONS=NONE,CODECS="hvc1.2.20000000.L123.B0",FRAME-RATE=29.970,RESOLUTION=1078x1438,STABLE-VARIANT-ID="co5bzci9b"
presto-engine presto-diag m3u8 #EXT-X-STREAM-INF:AVERAGE-BANDWIDTH=6038891,BANDWIDTH=6395401,VIDEO-RANGE=SDR,CLOSED-CAPTIONS=NONE,CODECS="hvc1.2.20000000.L123.B0",FRAME-RATE=29.970,RESOLUTION=1078x1438,STABLE-VARIANT-ID="8iffxz3ko"
presto-engine presto-diag m3u8 #EXT-X-STREAM-INF:AVERAGE-BANDWIDTH=8472336,BANDWIDTH=8896360,VIDEO-RANGE=SDR,CLOSED-CAPTIONS=NONE,CODECS="hvc1.2.20000000.L123.B0",FRAME-RATE=29.970,RESOLUTION=1080x1440,STABLE-VARIANT-ID="4vltzzkzm"
presto-engine presto-diag m3u8 #EXT-X-STREAM-INF:AVERAGE-BANDWIDTH=14582932,BANDWIDTH=15493948,VIDEO-RANGE=SDR,CLOSED-CAPTIONS=NONE,CODECS="hvc1.2.20000000.H150.B0",FRAME-RATE=29.970,RESOLUTION=1662x2216,STABLE-VARIANT-ID="sskeg574g"
presto-engine presto-diag m3u8 #EXT-X-STREAM-INF:AVERAGE-BANDWIDTH=8435774,BANDWIDTH=9159012,VIDEO-RANGE=SDR,CLOSED-CAPTIONS=NONE,CODECS="hvc1.2.20000000.H150.B0",FRAME-RATE=29.970,RESOLUTION=2048x2732,STABLE-VARIANT-ID="w9zhcr7ke"
presto-engine presto-diag m3u8 #EXT-X-STREAM-INF:AVERAGE-BANDWIDTH=14502368,BANDWIDTH=15666768,VIDEO-RANGE=SDR,CLOSED-CAPTIONS=NONE,CODECS="hvc1.2.20000000.H150.B0",FRAME-RATE=29.970,RESOLUTION=2048x2732,STABLE-VARIANT-ID="e5taeikvc"
presto-engine presto-diag m3u8 #EXT-X-STREAM-INF:AVERAGE-BANDWIDTH=24843909,BANDWIDTH=26939723,VIDEO-RANGE=SDR,CLOSED-CAPTIONS=NONE,CODECS="hvc1.2.20000000.H150.B0",FRAME-RATE=29.970,RESOLUTION=2048x2732,STABLE-VARIANT-ID="cki11m481"
presto-engine presto-diag hls https://mvod.itunes.apple.com/itunes-assets/HLSMusic211/v4/50/21/f6/5021f6b9-1b52-c7ad-91cb-021618134258/P1506578430_Anull_video_gr260_sdr_830x1108.m3u8 application/x-mpegurl
presto-engine presto-diag hls https://mvod.itunes.apple.com/itunes-assets/HLSMusic221/v4/30/d5/a2/30d5a202-d121-d6cd-4bb9-56e29be22a58/P1511335776_Anull_video_gr265_sdr_1918x822.m3u8 application/x-mpegurl
presto-engine presto-diag hls https://mvod.itunes.apple.com/itunes-assets/HLSVideo211/v4/0f/d0/19/0fd0194e-4b9f-4a31-2e5d-0aa7adca8a3e/P1511544526_Anull_video_gr260_sdr_830x1108.m3u8 application/x-mpegurl
presto-engine presto-diag m3u8 #EXT-X-MEDIA-SEQUENCE:0
presto-engine presto-diag m3u8 #EXT-X-MEDIA-SEQUENCE:0
presto-engine presto-diag m3u8 #EXT-X-MEDIA-SEQUENCE:0
/home/mcmanusiang/presto/engine/node_modules/electron/dist/electron exited with signal SIGTRAP
